Année;Perimètre juridique;Perimètre spatial;Spatial perimeter;Indicateur;Indicator;Type de contrat;Type of contract;Collège;Employee category;Plage M3E;M3E classification;Genre;Gender;Valeur;Unité;Unit;Chapitre du bilan social
2023;EDF SA;France;France;Promotions dans un collège supérieur;Promotions to a Higher Employee Category;Statutaire;Statutory;Maîtrise vers Cadre;Supervisor to Manager;;;Homme;Male;465.0;nombre;number;§1.5.1
2023;EDF SA;France;France;Masse salariale annuelle;Annual Payroll;Non statutaire CDI;Permanent non-statutory;Cadre;Managers;;;Femme;Female;36.0;M€;M€;§2.1.1
2023;EDF SA;France;France;Masse salariale annuelle;Annual Payroll;Non statutaire CDI;Permanent non-statutory;Maitrise;Supervisors;;;Homme;Male;0.0;M€;M€;§2.1.1
2023;EDF SA;France;France;Masse salariale annuelle;Annual Payroll;Non statutaire CDI;Permanent non-statutory;Maitrise;Supervisors;;;Femme;Female;0.0;M€;M€;§2.1.1
2023;EDF SA;France;France;Masse salariale annuelle;Annual Payroll;Non statutaire CDD;Fixed-term non-statutory;Cadre;Managers;;;Homme;Male;5.0;M€;M€;§2.1.1
2023;EDF SA;France;France;Masse salariale annuelle;Annual Payroll;Non statutaire CDD;Fixed-term non-statutory;Maitrise;Supervisors;;;Homme;Male;20.0;M€;M€;§2.1.1
2023;EDF SA;France;France;Rémunération mensuelle moyenne brute;Average gross monthly salary;Statutaire;Statutory;Cadre;Managers;;;Femme;Female;7175.0;€;€;§2.1.2
2023;EDF SA;France;France;Rémunération mensuelle moyenne brute;Average gross monthly salary;Statutaire;Statutory;Maitrise;Supervisors;;;Homme;Male;4990.0;€;€;§2.1.2
2023;EDF SA;France;France;Rémunération mensuelle moyenne brute;Average gross monthly salary;Non statutaire CDI;Permanent non-statutory;Cadre;Managers;;;Homme;Male;11049.0;€;€;§2.1.2
2023;EDF SA;France;France;Rémunération mensuelle moyenne brute;Average gross monthly salary;Non statutaire CDI;Permanent non-statutory;Cadre;Managers;;;Femme;Female;9495.0;€;€;§2.1.2
2023;EDF SA;France;France;Rémunération mensuelle moyenne brute;Average gross monthly salary;Non statutaire CDD;Fixed-term non-statutory;Maitrise;Supervisors;;;Femme;Female;1578.0;€;€;§2.1.2
2023;EDF SA;France;France;Rémunération mensuelle moyenne brute;Average gross monthly salary;Statutaire;Statutory;;;E;E;Homme;Male;5829.0;€;€;§2.1.2.bis
2023;EDF SA;France;France;Rémunération mensuelle moyenne brute;Average gross monthly salary;Statutaire;Statutory;;;H;H;Femme;Female;3337.0;€;€;§2.1.2.bis
2023;EDF SA;France;France;Rémunération mensuelle moyenne brute;Average gross monthly salary;Non statutaire CDI;Permanent non-statutory;;;sans plage;No classification;Femme;Female;9177.0;€;€;§2.1.2.bis
2023;EDF SA;France;France;Promotions dans un collège supérieur;Promotions to a Higher Employee Category;Statutaire;Statutory;Exécution vers Maîtrise;Operative to Supervisor;;;Femme;Female;117.0;nombre;number;§1.5.1
2023;EDF SA;France;France;Masse salariale annuelle;Annual Payroll;Statutaire;Statutory;Cadre;Managers;;;Femme;Female;753.0;M€;M€;§2.1.1
2023;EDF SA;France;France;Masse salariale annuelle;Annual Payroll;Statutaire;Statutory;Maitrise;Supervisors;;;Femme;Female;340.0;M€;M€;§2.1.1
2023;EDF SA;France;France;Masse salariale annuelle;Annual Payroll;Statutaire;Statutory;Execution;Operatives;;;Homme;Male;99.0;M€;M€;§2.1.1
2023;EDF SA;France;France;Masse salariale annuelle;Annual Payroll;Statutaire;Statutory;Execution;Operatives;;;Femme;Female;36.0;M€;M€;§2.1.1
2023;EDF SA;France;France;Masse salariale annuelle;Annual Payroll;Non statutaire CDI;Permanent non-statutory;Execution;Operatives;;;Homme;Male;0.0;M€;M€;§2.1.1
2023;EDF SA;France;France;Masse salariale annuelle;Annual Payroll;Non statutaire CDD;Fixed-term non-statutory;Maitrise;Supervisors;;;Femme;Female;18.0;M€;M€;§2.1.1
2023;EDF SA;France;France;Rémunération mensuelle moyenne brute;Average gross monthly salary;Non statutaire CDI;Permanent non-statutory;Execution;Operatives;;;Homme;Male;0.0;€;€;§2.1.2
2023;EDF SA;France;France;Rémunération mensuelle moyenne brute;Average gross monthly salary;Non statutaire CDD;Fixed-term non-statutory;Maitrise;Supervisors;;;Homme;Male;1460.0;€;€;§2.1.2
2023;EDF SA;France;France;Rémunération mensuelle moyenne brute;Average gross monthly salary;Non statutaire CDD;Fixed-term non-statutory;Execution;Operatives;;;Homme;Male;1189.0;€;€;§2.1.2
2023;EDF SA;France;France;Rémunération mensuelle moyenne brute;Average gross monthly salary;Statutaire;Statutory;;;B;B;Homme;Male;8716.0;€;€;§2.1.2.bis
2023;EDF SA;France;France;Rémunération mensuelle moyenne brute;Average gross monthly salary;Statutaire;Statutory;;;C;C;Homme;Male;7074.0;€;€;§2.1.2.bis
2023;EDF SA;France;France;Rémunération mensuelle moyenne brute;Average gross monthly salary;Statutaire;Statutory;;;C;C;Femme;Female;6478.0;€;€;§2.1.2.bis
2023;EDF SA;France;France;Rémunération mensuelle moyenne brute;Average gross monthly salary;Statutaire;Statutory;;;F;F;Femme;Female;4450.0;€;€;§2.1.2.bis
2023;EDF SA;France;France;Rémunération mensuelle moyenne brute;Average gross monthly salary;Statutaire;Statutory;;;sans plage;No classification;Homme;Male;8711.0;€;€;§2.1.2.bis
2023;EDF SA;France;France;Rémunération mensuelle moyenne brute;Average gross monthly salary;Non statutaire CDD;Fixed-term non-statutory;;;sans plage;No classification;Homme;Male;1425.0;€;€;§2.1.2.bis
2023;EDF SA;France;France;Promotions dans un collège supérieur;Promotions to a Higher Employee Category;Statutaire;Statutory;Maîtrise vers Cadre;Supervisor to Manager;;;Femme;Female;172.0;nombre;number;§1.5.1
2023;EDF SA;France;France;Promotions dans un collège supérieur;Promotions to a Higher Employee Category;Statutaire;Statutory;Exécution vers Maîtrise;Operative to Supervisor;;;Homme;Male;249.0;nombre;number;§1.5.1
2023;EDF SA;France;France;Masse salariale annuelle;Annual Payroll;Statutaire;Statutory;Cadre;Managers;;;Homme;Male;1883.0;M€;M€;§2.1.1
2023;EDF SA;France;France;Masse salariale annuelle;Annual Payroll;Non statutaire CDI;Permanent non-statutory;Cadre;Managers;;;Homme;Male;59.0;M€;M€;§2.1.1
2023;EDF SA;France;France;Masse salariale annuelle;Annual Payroll;Non statutaire CDD;Fixed-term non-statutory;Execution;Operatives;;;Homme;Male;16.0;M€;M€;§2.1.1
2023;EDF SA;France;France;Masse salariale annuelle;Annual Payroll;Non statutaire CDD;Fixed-term non-statutory;Execution;Operatives;;;Femme;Female;9.0;M€;M€;§2.1.1
2023;EDF SA;France;France;Rémunération mensuelle moyenne brute;Average gross monthly salary;Non statutaire CDI;Permanent non-statutory;Maitrise;Supervisors;;;Homme;Male;3888.0;€;€;§2.1.2
2023;EDF SA;France;France;Rémunération mensuelle moyenne brute;Average gross monthly salary;Non statutaire CDD;Fixed-term non-statutory;Cadre;Managers;;;Femme;Female;3383.0;€;€;§2.1.2
2023;EDF SA;France;France;Rémunération mensuelle moyenne brute;Average gross monthly salary;Non statutaire CDD;Fixed-term non-statutory;Execution;Operatives;;;Femme;Female;1260.0;€;€;§2.1.2
2023;EDF SA;France;France;Rémunération mensuelle moyenne brute;Average gross monthly salary;Statutaire;Statutory;;;A;A;Homme;Male;11099.0;€;€;§2.1.2.bis
2023;EDF SA;France;France;Rémunération mensuelle moyenne brute;Average gross monthly salary;Statutaire;Statutory;;;G;G;Homme;Male;4669.0;€;€;§2.1.2.bis
2023;EDF SA;France;France;Rémunération mensuelle moyenne brute;Average gross monthly salary;Statutaire;Statutory;;;H;H;Homme;Male;3984.0;€;€;§2.1.2.bis
2023;EDF SA;France;France;Promotions dans un collège supérieur;Promotions to a Higher Employee Category;Non statutaire CDI;Permanent non-staturory;Maîtrise vers Cadre;Supervisor to Manager;;;Homme;Male;1.0;nombre;number;§1.5.1
2023;EDF SA;France;France;Promotions dans un collège supérieur;Promotions to a Higher Employee Category;Non statutaire CDI;Permanent non-staturory;Maîtrise vers Cadre;Supervisor to Manager;;;Femme;Female;0.0;nombre;number;§1.5.1
2023;EDF SA;France;France;Promotions dans un collège supérieur;Promotions to a Higher Employee Category;Non statutaire CDI;Permanent non-staturory;Exécution vers Maîtrise;Operative to Supervisor;;;Homme;Male;0.0;nombre;number;§1.5.1
2023;EDF SA;France;France;Masse salariale annuelle;Annual Payroll;Non statutaire CDD;Fixed-term non-statutory;Cadre;Managers;;;Femme;Female;2.0;M€;M€;§2.1.1
2023;EDF SA;France;France;Rémunération mensuelle moyenne brute;Average gross monthly salary;Statutaire;Statutory;Maitrise;Supervisors;;;Femme;Female;4279.0;€;€;§2.1.2
2023;EDF SA;France;France;Rémunération mensuelle moyenne brute;Average gross monthly salary;Statutaire;Statutory;Execution;Operatives;;;Homme;Male;3894.0;€;€;§2.1.2
2023;EDF SA;France;France;Rémunération mensuelle moyenne brute;Average gross monthly salary;Statutaire;Statutory;Execution;Operatives;;;Femme;Female;3290.0;€;€;§2.1.2
2023;EDF SA;France;France;Rémunération mensuelle moyenne brute;Average gross monthly salary;Non statutaire CDI;Permanent non-statutory;Maitrise;Supervisors;;;Femme;Female;3708.0;€;€;§2.1.2
2023;EDF SA;France;France;Rémunération mensuelle moyenne brute;Average gross monthly salary;Non statutaire CDI;Permanent non-statutory;Execution;Operatives;;;Femme;Female;0.0;€;€;§2.1.2
2023;EDF SA;France;France;Rémunération mensuelle moyenne brute;Average gross monthly salary;Statutaire;Statutory;;;A;A;Femme;Female;10215.0;€;€;§2.1.2.bis
2023;EDF SA;France;France;Rémunération mensuelle moyenne brute;Average gross monthly salary;Statutaire;Statutory;;;B;B;Femme;Female;8255.0;€;€;§2.1.2.bis
2023;EDF SA;France;France;Rémunération mensuelle moyenne brute;Average gross monthly salary;Statutaire;Statutory;;;D;D;Homme;Male;6126.0;€;€;§2.1.2.bis
2023;EDF SA;France;France;Rémunération mensuelle moyenne brute;Average gross monthly salary;Statutaire;Statutory;;;F;F;Homme;Male;4891.0;€;€;§2.1.2.bis
2023;EDF SA;France;France;Rémunération mensuelle moyenne brute;Average gross monthly salary;Statutaire;Statutory;;;I;I;Homme;Male;0.0;€;€;§2.1.2.bis
2023;EDF SA;France;France;Rémunération mensuelle moyenne brute;Average gross monthly salary;Statutaire;Statutory;;;sans plage;No classification;Femme;Female;7410.0;€;€;§2.1.2.bis
2023;EDF SA;France;France;Promotions dans un collège supérieur;Promotions to a Higher Employee Category;Non statutaire CDI;Permanent non-staturory;Exécution vers Maîtrise;Operative to Supervisor;;;Femme;Female;0.0;nombre;number;§1.5.1
2023;EDF SA;France;France;Masse salariale annuelle;Annual Payroll;Statutaire;Statutory;Maitrise;Supervisors;;;Homme;Male;1150.0;M€;M€;§2.1.1
2023;EDF SA;France;France;Masse salariale annuelle;Annual Payroll;Non statutaire CDI;Permanent non-statutory;Execution;Operatives;;;Femme;Female;0.0;M€;M€;§2.1.1
2023;EDF SA;France;France;Rémunération mensuelle moyenne brute;Average gross monthly salary;Statutaire;Statutory;Cadre;Managers;;;Homme;Male;7842.0;€;€;§2.1.2
2023;EDF SA;France;France;Rémunération mensuelle moyenne brute;Average gross monthly salary;Non statutaire CDD;Fixed-term non-statutory;Cadre;Managers;;;Homme;Male;3464.0;€;€;§2.1.2
2023;EDF SA;France;France;Rémunération mensuelle moyenne brute;Average gross monthly salary;Statutaire;Statutory;;;D;D;Femme;Female;5331.0;€;€;§2.1.2.bis
2023;EDF SA;France;France;Rémunération mensuelle moyenne brute;Average gross monthly salary;Statutaire;Statutory;;;E;E;Femme;Female;5030.0;€;€;§2.1.2.bis
2023;EDF SA;France;France;Rémunération mensuelle moyenne brute;Average gross monthly salary;Statutaire;Statutory;;;G;G;Femme;Female;3871.0;€;€;§2.1.2.bis
2023;EDF SA;France;France;Rémunération mensuelle moyenne brute;Average gross monthly salary;Statutaire;Statutory;;;I;I;Femme;Female;0.0;€;€;§2.1.2.bis
2023;EDF SA;France;France;Rémunération mensuelle moyenne brute;Average gross monthly salary;Non statutaire CDI;Permanent non-statutory;;;sans plage;No classification;Homme;Male;10894.0;€;€;§2.1.2.bis
2023;EDF SA;France;France;Rémunération mensuelle moyenne brute;Average gross monthly salary;Non statutaire CDD;Fixed-term non-statutory;;;sans plage;No classification;Femme;Female;1514.0;€;€;§2.1.2.bis
2022;EDF SA;France;France;Promotions dans un collège supérieur;Promotions to a Higher Employee Category;Statutaire;Statutory;Maîtrise vers Cadre;Supervisor to Manager;;;Homme;Male;394.0;nombre;number;§1.5.1
2022;EDF SA;France;France;Promotions dans un collège supérieur;Promotions to a Higher Employee Category;Non statutaire CDI;Permanent non-staturory;Maîtrise vers Cadre;Supervisor to Manager;;;Homme;Male;0.0;nombre;number;§1.5.1
2022;EDF SA;France;France;Masse salariale annuelle;Annual Payroll;Statutaire;Statutory;Cadre;Managers;;;Homme;Male;1727.0;M€;M€;§2.1.1
2022;EDF SA;France;France;Masse salariale annuelle;Annual Payroll;Non statutaire CDI;Permanent non-statutory;Maitrise;Supervisors;;;Homme;Male;0.0;M€;M€;§2.1.1
2022;EDF SA;France;France;Masse salariale annuelle;Annual Payroll;Non statutaire CDI;Permanent non-statutory;Maitrise;Supervisors;;;Femme;Female;0.0;M€;M€;§2.1.1
2022;EDF SA;France;France;Masse salariale annuelle;Annual Payroll;Non statutaire CDI;Permanent non-statutory;Execution;Operatives;;;Homme;Male;0.0;M€;M€;§2.1.1
2022;EDF SA;France;France;Rémunération mensuelle moyenne brute;Average gross monthly salary;Statutaire;Statutory;Maitrise;Supervisors;;;Homme;Male;4521.0;€;€;§2.1.2
2022;EDF SA;France;France;Rémunération mensuelle moyenne brute;Average gross monthly salary;Non statutaire CDI;Permanent non-statutory;Execution;Operatives;;;Femme;Female;0.0;€;€;§2.1.2
2022;EDF SA;France;France;Rémunération mensuelle moyenne brute;Average gross monthly salary;Non statutaire CDD;Fixed-term non-statutory;Maitrise;Supervisors;;;Femme;Female;1454.0;€;€;§2.1.2
2022;EDF SA;France;France;Rémunération mensuelle moyenne brute;Average gross monthly salary;Non statutaire CDD;Fixed-term non-statutory;Execution;Operatives;;;Homme;Male;1136.0;€;€;§2.1.2
2022;EDF SA;France;France;Rémunération mensuelle moyenne brute;Average gross monthly salary;Statutaire;Statutory;;;B;B;Femme;Female;7666.0;€;€;§2.1.2.bis
2022;EDF SA;France;France;Rémunération mensuelle moyenne brute;Average gross monthly salary;Statutaire;Statutory;;;G;G;Femme;Female;3571.0;€;€;§2.1.2.bis
2022;EDF SA;France;France;Rémunération mensuelle moyenne brute;Average gross monthly salary;Statutaire;Statutory;;;H;H;Homme;Male;3634.0;€;€;§2.1.2.bis
2022;EDF SA;France;France;Rémunération mensuelle moyenne brute;Average gross monthly salary;Non statutaire CDD;Fixed-term non-statutory;;;sans plage;No classification;Homme;Male;1382.0;€;€;§2.1.2.bis
2022;EDF SA;France;France;Promotions dans un collège supérieur;Promotions to a Higher Employee Category;Statutaire;Statutory;Maîtrise vers Cadre;Supervisor to Manager;;;Femme;Female;152.0;nombre;number;§1.5.1
2022;EDF SA;France;France;Masse salariale annuelle;Annual Payroll;Statutaire;Statutory;Maitrise;Supervisors;;;Femme;Female;313.0;M€;M€;§2.1.1
2022;EDF SA;France;France;Masse salariale annuelle;Annual Payroll;Non statutaire CDI;Permanent non-statutory;Cadre;Managers;;;Femme;Female;33.0;M€;M€;§2.1.1
2022;EDF SA;France;France;Masse salariale annuelle;Annual Payroll;Non statutaire CDI;Permanent non-statutory;Execution;Operatives;;;Femme;Female;0.0;M€;M€;§2.1.1
2022;EDF SA;France;France;Masse salariale annuelle;Annual Payroll;Non statutaire CDD;Fixed-term non-statutory;Cadre;Managers;;;Femme;Female;2.0;M€;M€;§2.1.1
2022;EDF SA;France;France;Masse salariale annuelle;Annual Payroll;Non statutaire CDD;Fixed-term non-statutory;Execution;Operatives;;;Homme;Male;13.0;M€;M€;§2.1.1
2022;EDF SA;France;France;Rémunération mensuelle moyenne brute;Average gross monthly salary;Non statutaire CDI;Permanent non-statutory;Execution;Operatives;;;Homme;Male;0.0;€;€;§2.1.2
2022;EDF SA;France;France;Rémunération mensuelle moyenne brute;Average gross monthly salary;Statutaire;Statutory;;;B;B;Homme;Male;8132.0;€;€;§2.1.2.bis
2022;EDF SA;France;France;Rémunération mensuelle moyenne brute;Average gross monthly salary;Statutaire;Statutory;;;H;H;Femme;Female;3044.0;€;€;§2.1.2.bis
2022;EDF SA;France;France;Rémunération mensuelle moyenne brute;Average gross monthly salary;Statutaire;Statutory;;;I;I;Femme;Female;3136.0;€;€;§2.1.2.bis
2022;EDF SA;France;France;Rémunération mensuelle moyenne brute;Average gross monthly salary;Statutaire;Statutory;;;sans plage;No classification;Femme;Female;6926.0;€;€;§2.1.2.bis
2022;EDF SA;France;France;Rémunération mensuelle moyenne brute;Average gross monthly salary;Non statutaire CDI;Permanent non-statutory;;;sans plage;No classification;Femme;Female;9107.0;€;€;§2.1.2.bis
2022;EDF SA;France;France;Promotions dans un collège supérieur;Promotions to a Higher Employee Category;Statutaire;Statutory;Exécution vers Maîtrise;Operative to Supervisor;;;Homme;Male;235.0;nombre;number;§1.5.1
2022;EDF SA;France;France;Promotions dans un collège supérieur;Promotions to a Higher Employee Category;Non statutaire CDI;Permanent non-staturory;Maîtrise vers Cadre;Supervisor to Manager;;;Femme;Female;0.0;nombre;number;§1.5.1
2022;EDF SA;France;France;Masse salariale annuelle;Annual Payroll;Statutaire;Statutory;Maitrise;Supervisors;;;Homme;Male;1043.0;M€;M€;§2.1.1
2022;EDF SA;France;France;Masse salariale annuelle;Annual Payroll;Non statutaire CDD;Fixed-term non-statutory;Cadre;Managers;;;Homme;Male;4.0;M€;M€;§2.1.1
2022;EDF SA;France;France;Masse salariale annuelle;Annual Payroll;Non statutaire CDD;Fixed-term non-statutory;Maitrise;Supervisors;;;Homme;Male;19.0;M€;M€;§2.1.1
2022;EDF SA;France;France;Rémunération mensuelle moyenne brute;Average gross monthly salary;Statutaire;Statutory;Cadre;Managers;;;Homme;Male;7353.0;€;€;§2.1.2
2022;EDF SA;France;France;Rémunération mensuelle moyenne brute;Average gross monthly salary;Statutaire;Statutory;Maitrise;Supervisors;;;Femme;Female;3913.0;€;€;§2.1.2
2022;EDF SA;France;France;Rémunération mensuelle moyenne brute;Average gross monthly salary;Statutaire;Statutory;Execution;Operatives;;;Homme;Male;3546.0;€;€;§2.1.2
2022;EDF SA;France;France;Rémunération mensuelle moyenne brute;Average gross monthly salary;Statutaire;Statutory;Execution;Operatives;;;Femme;Female;3016.0;€;€;§2.1.2
2022;EDF SA;France;France;Rémunération mensuelle moyenne brute;Average gross monthly salary;Non statutaire CDI;Permanent non-statutory;Cadre;Managers;;;Femme;Female;9390.0;€;€;§2.1.2
2022;EDF SA;France;France;Rémunération mensuelle moyenne brute;Average gross monthly salary;Non statutaire CDI;Permanent non-statutory;Maitrise;Supervisors;;;Homme;Male;3583.0;€;€;§2.1.2
2022;EDF SA;France;France;Rémunération mensuelle moyenne brute;Average gross monthly salary;Non statutaire CDI;Permanent non-statutory;Maitrise;Supervisors;;;Femme;Female;3553.0;€;€;§2.1.2
2022;EDF SA;France;France;Rémunération mensuelle moyenne brute;Average gross monthly salary;Non statutaire CDD;Fixed-term non-statutory;Cadre;Managers;;;Homme;Male;3322.0;€;€;§2.1.2
2022;EDF SA;France;France;Rémunération mensuelle moyenne brute;Average gross monthly salary;Non statutaire CDD;Fixed-term non-statutory;Cadre;Managers;;;Femme;Female;3493.0;€;€;§2.1.2
2022;EDF SA;France;France;Rémunération mensuelle moyenne brute;Average gross monthly salary;Non statutaire CDD;Fixed-term non-statutory;Maitrise;Supervisors;;;Homme;Male;1401.0;€;€;§2.1.2
2022;EDF SA;France;France;Rémunération mensuelle moyenne brute;Average gross monthly salary;Statutaire;Statutory;;;D;D;Homme;Male;5676.0;€;€;§2.1.2.bis
2022;EDF SA;France;France;Rémunération mensuelle moyenne brute;Average gross monthly salary;Statutaire;Statutory;;;F;F;Homme;Male;4446.0;€;€;§2.1.2.bis
2022;EDF SA;France;France;Rémunération mensuelle moyenne brute;Average gross monthly salary;Non statutaire CDI;Permanent non-statutory;;;sans plage;No classification;Homme;Male;11704.0;€;€;§2.1.2.bis
2022;EDF SA;France;France;Promotions dans un collège supérieur;Promotions to a Higher Employee Category;Statutaire;Statutory;Exécution vers Maîtrise;Operative to Supervisor;;;Femme;Female;104.0;nombre;number;§1.5.1
2022;EDF SA;France;France;Promotions dans un collège supérieur;Promotions to a Higher Employee Category;Non statutaire CDI;Permanent non-staturory;Exécution vers Maîtrise;Operative to Supervisor;;;Femme;Female;0.0;nombre;number;§1.5.1
2022;EDF SA;France;France;Masse salariale annuelle;Annual Payroll;Statutaire;Statutory;Cadre;Managers;;;Femme;Female;677.0;M€;M€;§2.1.1
2022;EDF SA;France;France;Masse salariale annuelle;Annual Payroll;Statutaire;Statutory;Execution;Operatives;;;Homme;Male;88.0;M€;M€;§2.1.1
2022;EDF SA;France;France;Masse salariale annuelle;Annual Payroll;Statutaire;Statutory;Execution;Operatives;;;Femme;Female;34.0;M€;M€;§2.1.1
2022;EDF SA;France;France;Masse salariale annuelle;Annual Payroll;Non statutaire CDI;Permanent non-statutory;Cadre;Managers;;;Homme;Male;55.0;M€;M€;§2.1.1
2022;EDF SA;France;France;Masse salariale annuelle;Annual Payroll;Non statutaire CDD;Fixed-term non-statutory;Execution;Operatives;;;Femme;Female;8.0;M€;M€;§2.1.1
2022;EDF SA;France;France;Rémunération mensuelle moyenne brute;Average gross monthly salary;Statutaire;Statutory;Cadre;Managers;;;Femme;Female;6681.0;€;€;§2.1.2
2022;EDF SA;France;France;Rémunération mensuelle moyenne brute;Average gross monthly salary;Non statutaire CDI;Permanent non-statutory;Cadre;Managers;;;Homme;Male;11873.0;€;€;§2.1.2
2022;EDF SA;France;France;Rémunération mensuelle moyenne brute;Average gross monthly salary;Non statutaire CDD;Fixed-term non-statutory;Execution;Operatives;;;Femme;Female;1190.0;€;€;§2.1.2
2022;EDF SA;France;France;Rémunération mensuelle moyenne brute;Average gross monthly salary;Statutaire;Statutory;;;A;A;Femme;Female;9518.0;€;€;§2.1.2.bis
2022;EDF SA;France;France;Rémunération mensuelle moyenne brute;Average gross monthly salary;Statutaire;Statutory;;;C;C;Homme;Male;6517.0;€;€;§2.1.2.bis
2022;EDF SA;France;France;Rémunération mensuelle moyenne brute;Average gross monthly salary;Statutaire;Statutory;;;C;C;Femme;Female;5968.0;€;€;§2.1.2.bis
2022;EDF SA;France;France;Rémunération mensuelle moyenne brute;Average gross monthly salary;Statutaire;Statutory;;;E;E;Femme;Female;4554.0;€;€;§2.1.2.bis
2022;EDF SA;France;France;Rémunération mensuelle moyenne brute;Average gross monthly salary;Statutaire;Statutory;;;F;F;Femme;Female;4044.0;€;€;§2.1.2.bis
2022;EDF SA;France;France;Rémunération mensuelle moyenne brute;Average gross monthly salary;Statutaire;Statutory;;;I;I;Homme;Male;0.0;€;€;§2.1.2.bis
2022;EDF SA;France;France;Promotions dans un collège supérieur;Promotions to a Higher Employee Category;Non statutaire CDI;Permanent non-staturory;Exécution vers Maîtrise;Operative to Supervisor;;;Homme;Male;0.0;nombre;number;§1.5.1
2022;EDF SA;France;France;Masse salariale annuelle;Annual Payroll;Non statutaire CDD;Fixed-term non-statutory;Maitrise;Supervisors;;;Femme;Female;16.0;M€;M€;§2.1.1
2022;EDF SA;France;France;Rémunération mensuelle moyenne brute;Average gross monthly salary;Statutaire;Statutory;;;A;A;Homme;Male;10459.0;€;€;§2.1.2.bis
2022;EDF SA;France;France;Rémunération mensuelle moyenne brute;Average gross monthly salary;Statutaire;Statutory;;;D;D;Femme;Female;4965.0;€;€;§2.1.2.bis
2022;EDF SA;France;France;Rémunération mensuelle moyenne brute;Average gross monthly salary;Statutaire;Statutory;;;E;E;Homme;Male;5263.0;€;€;§2.1.2.bis
2022;EDF SA;France;France;Rémunération mensuelle moyenne brute;Average gross monthly salary;Statutaire;Statutory;;;G;G;Homme;Male;4218.0;€;€;§2.1.2.bis
2022;EDF SA;France;France;Rémunération mensuelle moyenne brute;Average gross monthly salary;Statutaire;Statutory;;;sans plage;No classification;Homme;Male;8284.0;€;€;§2.1.2.bis
2022;EDF SA;France;France;Rémunération mensuelle moyenne brute;Average gross monthly salary;Non statutaire CDD;Fixed-term non-statutory;;;sans plage;No classification;Femme;Female;1435.0;€;€;§2.1.2.bis
2021;EDF SA;France;France;Masse salariale annuelle;Annual Payroll;Non statutaire CDI;Permanent non-statutory;Cadre;Managers;;;Femme;Female;29.0;M€;M€;§2.1.1
2021;EDF SA;France;France;Masse salariale annuelle;Annual Payroll;Non statutaire CDD;Fixed-term non-statutory;Cadre;Managers;;;Homme;Male;5.0;M€;M€;§2.1.1
2021;EDF SA;France;France;Rémunération mensuelle moyenne brute;Average gross monthly salary;Statutaire;Statutory;Execution;Operatives;;;Homme;Male;3335.0;€;€;§2.1.2
2021;EDF SA;France;France;Rémunération mensuelle moyenne brute;Average gross monthly salary;Non statutaire CDI;Permanent non-statutory;Cadre;Managers;;;Femme;Female;8852.0;€;€;§2.1.2
2021;EDF SA;France;France;Rémunération mensuelle moyenne brute;Average gross monthly salary;Non statutaire CDD;Fixed-term non-statutory;Cadre;Managers;;;Femme;Female;3312.0;€;€;§2.1.2
2021;EDF SA;France;France;Rémunération mensuelle moyenne brute;Average gross monthly salary;Non statutaire CDD;Fixed-term non-statutory;Maitrise;Supervisors;;;Homme;Male;1351.0;€;€;§2.1.2
2021;EDF SA;France;France;Rémunération mensuelle moyenne brute;Average gross monthly salary;Non statutaire CDD;Fixed-term non-statutory;Execution;Operatives;;;Homme;Male;1104.0;€;€;§2.1.2
2021;EDF SA;France;France;Rémunération mensuelle moyenne brute;Average gross monthly salary;Non statutaire CDD;Fixed-term non-statutory;Execution;Operatives;;;Femme;Female;1144.0;€;€;§2.1.2
2021;EDF SA;France;France;Rémunération mensuelle moyenne brute;Average gross monthly salary;Statutaire;Statutory;;;B;B;Femme;Female;7258.0;€;€;§2.1.2.bis
2021;EDF SA;France;France;Rémunération mensuelle moyenne brute;Average gross monthly salary;Statutaire;Statutory;;;D;D;Homme;Male;5414.0;€;€;§2.1.2.bis
2021;EDF SA;France;France;Rémunération mensuelle moyenne brute;Average gross monthly salary;Statutaire;Statutory;;;G;G;Femme;Female;3368.0;€;€;§2.1.2.bis
2021;EDF SA;France;France;Rémunération mensuelle moyenne brute;Average gross monthly salary;Statutaire;Statutory;;;sans plage;No classification;Femme;Female;6426.0;€;€;§2.1.2.bis
2021;EDF SA;France;France;Rémunération mensuelle moyenne brute;Average gross monthly salary;Non statutaire CDI;Permanent non-statutory;;;sans plage;No classification;Homme;Male;11205.0;€;€;§2.1.2.bis
2021;EDF SA;France;France;Rémunération mensuelle moyenne brute;Average gross monthly salary;Non statutaire CDD;Fixed-term non-statutory;;;sans plage;No classification;Femme;Female;1390.0;€;€;§2.1.2.bis
2021;EDF SA;France;France;Promotions dans un collège supérieur;Promotions to a Higher Employee Category;Statutaire;Statutory;Maîtrise vers Cadre;Supervisor to Manager;;;Homme;Male;383.0;nombre;number;§1.5.1
2021;EDF SA;France;France;Promotions dans un collège supérieur;Promotions to a Higher Employee Category;Statutaire;Statutory;Exécution vers Maîtrise;Operative to Supervisor;;;Homme;Male;235.0;nombre;number;§1.5.1
2021;EDF SA;France;France;Promotions dans un collège supérieur;Promotions to a Higher Employee Category;Statutaire;Statutory;Exécution vers Maîtrise;Operative to Supervisor;;;Femme;Female;97.0;nombre;number;§1.5.1
2021;EDF SA;France;France;Promotions dans un collège supérieur;Promotions to a Higher Employee Category;Non statutaire CDI;Permanent non-staturory;Maîtrise vers Cadre;Supervisor to Manager;;;Femme;Female;0.0;nombre;number;§1.5.1
2021;EDF SA;France;France;Promotions dans un collège supérieur;Promotions to a Higher Employee Category;Non statutaire CDI;Permanent non-staturory;Exécution vers Maîtrise;Operative to Supervisor;;;Femme;Female;0.0;nombre;number;§1.5.1
2021;EDF SA;France;France;Masse salariale annuelle;Annual Payroll;Statutaire;Statutory;Cadre;Managers;;;Homme;Male;1678.0;M€;M€;§2.1.1
2021;EDF SA;France;France;Masse salariale annuelle;Annual Payroll;Non statutaire CDI;Permanent non-statutory;Maitrise;Supervisors;;;Femme;Female;0.0;M€;M€;§2.1.1
2021;EDF SA;France;France;Masse salariale annuelle;Annual Payroll;Non statutaire CDI;Permanent non-statutory;Execution;Operatives;;;Femme;Female;0.0;M€;M€;§2.1.1
2021;EDF SA;France;France;Masse salariale annuelle;Annual Payroll;Non statutaire CDD;Fixed-term non-statutory;Execution;Operatives;;;Homme;Male;12.0;M€;M€;§2.1.1
2021;EDF SA;France;France;Masse salariale annuelle;Annual Payroll;Non statutaire CDD;Fixed-term non-statutory;Execution;Operatives;;;Femme;Female;8.0;M€;M€;§2.1.1
2021;EDF SA;France;France;Rémunération mensuelle moyenne brute;Average gross monthly salary;Statutaire;Statutory;Cadre;Managers;;;Femme;Female;6303.0;€;€;§2.1.2
2021;EDF SA;France;France;Rémunération mensuelle moyenne brute;Average gross monthly salary;Statutaire;Statutory;Maitrise;Supervisors;;;Homme;Male;4291.0;€;€;§2.1.2
2021;EDF SA;France;France;Rémunération mensuelle moyenne brute;Average gross monthly salary;Statutaire;Statutory;Maitrise;Supervisors;;;Femme;Female;3697.0;€;€;§2.1.2
2021;EDF SA;France;France;Rémunération mensuelle moyenne brute;Average gross monthly salary;Statutaire;Statutory;Execution;Operatives;;;Femme;Female;2829.0;€;€;§2.1.2
2021;EDF SA;France;France;Rémunération mensuelle moyenne brute;Average gross monthly salary;Non statutaire CDI;Permanent non-statutory;Execution;Operatives;;;Femme;Female;2955.0;€;€;§2.1.2
2021;EDF SA;France;France;Rémunération mensuelle moyenne brute;Average gross monthly salary;Non statutaire CDD;Fixed-term non-statutory;Maitrise;Supervisors;;;Femme;Female;1406.0;€;€;§2.1.2
2021;EDF SA;France;France;Rémunération mensuelle moyenne brute;Average gross monthly salary;Statutaire;Statutory;;;H;H;Homme;Male;3437.0;€;€;§2.1.2.bis
2021;EDF SA;France;France;Rémunération mensuelle moyenne brute;Average gross monthly salary;Statutaire;Statutory;;;H;H;Femme;Female;2870.0;€;€;§2.1.2.bis
2021;EDF SA;France;France;Rémunération mensuelle moyenne brute;Average gross monthly salary;Non statutaire CDI;Permanent non-statutory;;;sans plage;No classification;Femme;Female;8562.0;€;€;§2.1.2.bis
2021;EDF SA;France;France;Promotions dans un collège supérieur;Promotions to a Higher Employee Category;Statutaire;Statutory;Maîtrise vers Cadre;Supervisor to Manager;;;Femme;Female;127.0;nombre;number;§1.5.1
2021;EDF SA;France;France;Masse salariale annuelle;Annual Payroll;Statutaire;Statutory;Cadre;Managers;;;Femme;Female;647.0;M€;M€;§2.1.1
2021;EDF SA;France;France;Masse salariale annuelle;Annual Payroll;Statutaire;Statutory;Maitrise;Supervisors;;;Homme;Male;1026.0;M€;M€;§2.1.1
2021;EDF SA;France;France;Masse salariale annuelle;Annual Payroll;Statutaire;Statutory;Execution;Operatives;;;Femme;Female;36.0;M€;M€;§2.1.1
2021;EDF SA;France;France;Masse salariale annuelle;Annual Payroll;Non statutaire CDI;Permanent non-statutory;Maitrise;Supervisors;;;Homme;Male;0.0;M€;M€;§2.1.1
2021;EDF SA;France;France;Masse salariale annuelle;Annual Payroll;Non statutaire CDI;Permanent non-statutory;Execution;Operatives;;;Homme;Male;0.0;M€;M€;§2.1.1
2021;EDF SA;France;France;Masse salariale annuelle;Annual Payroll;Non statutaire CDD;Fixed-term non-statutory;Maitrise;Supervisors;;;Femme;Female;15.0;M€;M€;§2.1.1
2021;EDF SA;France;France;Rémunération mensuelle moyenne brute;Average gross monthly salary;Non statutaire CDI;Permanent non-statutory;Maitrise;Supervisors;;;Homme;Male;3450.0;€;€;§2.1.2
2021;EDF SA;France;France;Rémunération mensuelle moyenne brute;Average gross monthly salary;Non statutaire CDI;Permanent non-statutory;Execution;Operatives;;;Homme;Male;3949.0;€;€;§2.1.2
2021;EDF SA;France;France;Rémunération mensuelle moyenne brute;Average gross monthly salary;Non statutaire CDD;Fixed-term non-statutory;Cadre;Managers;;;Homme;Male;3238.0;€;€;§2.1.2
2021;EDF SA;France;France;Rémunération mensuelle moyenne brute;Average gross monthly salary;Statutaire;Statutory;;;B;B;Homme;Male;7763.0;€;€;§2.1.2.bis
2021;EDF SA;France;France;Rémunération mensuelle moyenne brute;Average gross monthly salary;Statutaire;Statutory;;;E;E;Homme;Male;5014.0;€;€;§2.1.2.bis
2021;EDF SA;France;France;Rémunération mensuelle moyenne brute;Average gross monthly salary;Statutaire;Statutory;;;E;E;Femme;Female;4380.0;€;€;§2.1.2.bis
2021;EDF SA;France;France;Rémunération mensuelle moyenne brute;Average gross monthly salary;Statutaire;Statutory;;;F;F;Homme;Male;4226.0;€;€;§2.1.2.bis
2021;EDF SA;France;France;Rémunération mensuelle moyenne brute;Average gross monthly salary;Non statutaire CDD;Fixed-term non-statutory;;;sans plage;No classification;Homme;Male;1360.0;€;€;§2.1.2.bis
2021;EDF SA;France;France;Promotions dans un collège supérieur;Promotions to a Higher Employee Category;Non statutaire CDI;Permanent non-staturory;Maîtrise vers Cadre;Supervisor to Manager;;;Homme;Male;0.0;nombre;number;§1.5.1
2021;EDF SA;France;France;Promotions dans un collège supérieur;Promotions to a Higher Employee Category;Non statutaire CDI;Permanent non-staturory;Exécution vers Maîtrise;Operative to Supervisor;;;Homme;Male;0.0;nombre;number;§1.5.1
2021;EDF SA;France;France;Masse salariale annuelle;Annual Payroll;Statutaire;Statutory;Maitrise;Supervisors;;;Femme;Female;314.0;M€;M€;§2.1.1
2021;EDF SA;France;France;Masse salariale annuelle;Annual Payroll;Non statutaire CDI;Permanent non-statutory;Cadre;Managers;;;Homme;Male;48.0;M€;M€;§2.1.1
2021;EDF SA;France;France;Masse salariale annuelle;Annual Payroll;Non statutaire CDD;Fixed-term non-statutory;Cadre;Managers;;;Femme;Female;3.0;M€;M€;§2.1.1
2021;EDF SA;France;France;Masse salariale annuelle;Annual Payroll;Non statutaire CDD;Fixed-term non-statutory;Maitrise;Supervisors;;;Homme;Male;17.0;M€;M€;§2.1.1
2021;EDF SA;France;France;Rémunération mensuelle moyenne brute;Average gross monthly salary;Statutaire;Statutory;Cadre;Managers;;;Homme;Male;6983.0;€;€;§2.1.2
2021;EDF SA;France;France;Rémunération mensuelle moyenne brute;Average gross monthly salary;Non statutaire CDI;Permanent non-statutory;Cadre;Managers;;;Homme;Male;11371.0;€;€;§2.1.2
2021;EDF SA;France;France;Rémunération mensuelle moyenne brute;Average gross monthly salary;Statutaire;Statutory;;;A;A;Homme;Male;9867.0;€;€;§2.1.2.bis
2021;EDF SA;France;France;Rémunération mensuelle moyenne brute;Average gross monthly salary;Statutaire;Statutory;;;A;A;Femme;Female;9020.0;€;€;§2.1.2.bis
2021;EDF SA;France;France;Rémunération mensuelle moyenne brute;Average gross monthly salary;Statutaire;Statutory;;;D;D;Femme;Female;4722.0;€;€;§2.1.2.bis
2021;EDF SA;France;France;Rémunération mensuelle moyenne brute;Average gross monthly salary;Statutaire;Statutory;;;G;G;Homme;Male;3997.0;€;€;§2.1.2.bis
2021;EDF SA;France;France;Rémunération mensuelle moyenne brute;Average gross monthly salary;Statutaire;Statutory;;;sans plage;No classification;Homme;Male;7717.0;€;€;§2.1.2.bis
2021;EDF SA;France;France;Masse salariale annuelle;Annual Payroll;Statutaire;Statutory;Execution;Operatives;;;Homme;Male;86.0;M€;M€;§2.1.1
2021;EDF SA;France;France;Rémunération mensuelle moyenne brute;Average gross monthly salary;Non statutaire CDI;Permanent non-statutory;Maitrise;Supervisors;;;Femme;Female;3500.0;€;€;§2.1.2
2021;EDF SA;France;France;Rémunération mensuelle moyenne brute;Average gross monthly salary;Statutaire;Statutory;;;C;C;Homme;Male;6183.0;€;€;§2.1.2.bis
2021;EDF SA;France;France;Rémunération mensuelle moyenne brute;Average gross monthly salary;Statutaire;Statutory;;;C;C;Femme;Female;5616.0;€;€;§2.1.2.bis
2021;EDF SA;France;France;Rémunération mensuelle moyenne brute;Average gross monthly salary;Statutaire;Statutory;;;F;F;Femme;Female;3824.0;€;€;§2.1.2.bis
2021;EDF SA;France;France;Rémunération mensuelle moyenne brute;Average gross monthly salary;Statutaire;Statutory;;;I;I;Homme;Male;0.0;€;€;§2.1.2.bis
2021;EDF SA;France;France;Rémunération mensuelle moyenne brute;Average gross monthly salary;Statutaire;Statutory;;;I;I;Femme;Female;2986.0;€;€;§2.1.2.bis
2020;EDF SA;France;France;Promotions dans un collège supérieur;Promotions to a Higher Employee Category;Non statutaire CDI;Permanent non-staturory;Exécution vers Maîtrise;Operative to Supervisor;;;Homme;Male;0.0;nombre;number;§1.5.1
2020;EDF SA;France;France;Promotions dans un collège supérieur;Promotions to a Higher Employee Category;Non statutaire CDI;Permanent non-staturory;Exécution vers Maîtrise;Operative to Supervisor;;;Femme;Female;0.0;nombre;number;§1.5.1
2020;EDF SA;France;France;Masse salariale annuelle;Annual Payroll;Statutaire;Statutory;Maitrise;Supervisors;;;Femme;Female;319.0;M€;M€;§2.1.1
2020;EDF SA;France;France;Masse salariale annuelle;Annual Payroll;Non statutaire CDI;Permanent non-statutory;Maitrise;Supervisors;;;Femme;Female;0.0;M€;M€;§2.1.1
2020;EDF SA;France;France;Masse salariale annuelle;Annual Payroll;Non statutaire CDD;Fixed-term non-statutory;Maitrise;Supervisors;;;Homme;Male;16.0;M€;M€;§2.1.1
2020;EDF SA;France;France;Rémunération mensuelle moyenne brute;Average gross monthly salary;Statutaire;Statutory;Cadre;Managers;;;Homme;Male;7019.0;€;€;§2.1.2
2020;EDF SA;France;France;Rémunération mensuelle moyenne brute;Average gross monthly salary;Statutaire;Statutory;Maitrise;Supervisors;;;Homme;Male;4225.0;€;€;§2.1.2
2020;EDF SA;France;France;Rémunération mensuelle moyenne brute;Average gross monthly salary;Non statutaire CDI;Permanent non-statutory;Maitrise;Supervisors;;;Homme;Male;3357.0;€;€;§2.1.2
2020;EDF SA;France;France;Rémunération mensuelle moyenne brute;Average gross monthly salary;Non statutaire CDD;Fixed-term non-statutory;Cadre;Managers;;;Femme;Female;3296.0;€;€;§2.1.2
2020;EDF SA;France;France;Rémunération mensuelle moyenne brute;Average gross monthly salary;Statutaire;Statutory;;;E;E;Femme;Female;4334.0;€;€;§2.1.2.bis
2020;EDF SA;France;France;Rémunération mensuelle moyenne brute;Average gross monthly salary;Statutaire;Statutory;;;F;F;Homme;Male;4165.0;€;€;§2.1.2.bis
2020;EDF SA;France;France;Rémunération mensuelle moyenne brute;Average gross monthly salary;Statutaire;Statutory;;;F;F;Femme;Female;3839.0;€;€;§2.1.2.bis
2020;EDF SA;France;France;Rémunération mensuelle moyenne brute;Average gross monthly salary;Non statutaire CDI;Permanent non-statutory;;;sans plage;No classification;Homme;Male;10888.0;€;€;§2.1.2.bis
2020;EDF SA;France;France;Promotions dans un collège supérieur;Promotions to a Higher Employee Category;Statutaire;Statutory;Maîtrise vers Cadre;Supervisor to Manager;;;Femme;Female;159.0;nombre;number;§1.5.1
2020;EDF SA;France;France;Promotions dans un collège supérieur;Promotions to a Higher Employee Category;Non statutaire CDI;Permanent non-staturory;Maîtrise vers Cadre;Supervisor to Manager;;;Femme;Female;0.0;nombre;number;§1.5.1
2020;EDF SA;France;France;Masse salariale annuelle;Annual Payroll;Statutaire;Statutory;Cadre;Managers;;;Homme;Male;1672.0;M€;M€;§2.1.1
2020;EDF SA;France;France;Masse salariale annuelle;Annual Payroll;Statutaire;Statutory;Cadre;Managers;;;Femme;Female;634.0;M€;M€;§2.1.1
2020;EDF SA;France;France;Masse salariale annuelle;Annual Payroll;Non statutaire CDI;Permanent non-statutory;Cadre;Managers;;;Homme;Male;42.0;M€;M€;§2.1.1
2020;EDF SA;France;France;Masse salariale annuelle;Annual Payroll;Non statutaire CDI;Permanent non-statutory;Cadre;Managers;;;Femme;Female;27.0;M€;M€;§2.1.1
2020;EDF SA;France;France;Rémunération mensuelle moyenne brute;Average gross monthly salary;Statutaire;Statutory;Execution;Operatives;;;Femme;Female;2797.0;€;€;§2.1.2
2020;EDF SA;France;France;Rémunération mensuelle moyenne brute;Average gross monthly salary;Non statutaire CDI;Permanent non-statutory;Execution;Operatives;;;Femme;Female;2498.0;€;€;§2.1.2
2020;EDF SA;France;France;Rémunération mensuelle moyenne brute;Average gross monthly salary;Non statutaire CDD;Fixed-term non-statutory;Maitrise;Supervisors;;;Homme;Male;1335.0;€;€;§2.1.2
2020;EDF SA;France;France;Rémunération mensuelle moyenne brute;Average gross monthly salary;Statutaire;Statutory;;;A;;Homme;Male;9937.0;€;€;§2.1.2.bis
2020;EDF SA;France;France;Rémunération mensuelle moyenne brute;Average gross monthly salary;Statutaire;Statutory;;;B;B;Homme;Male;7797.0;€;€;§2.1.2.bis
2020;EDF SA;France;France;Rémunération mensuelle moyenne brute;Average gross monthly salary;Statutaire;Statutory;;;B;B;Femme;Female;7294.0;€;€;§2.1.2.bis
2020;EDF SA;France;France;Rémunération mensuelle moyenne brute;Average gross monthly salary;Statutaire;Statutory;;;C;C;Femme;Female;5606.0;€;€;§2.1.2.bis
2020;EDF SA;France;France;Rémunération mensuelle moyenne brute;Average gross monthly salary;Statutaire;Statutory;;;D;D;Femme;Female;4714.0;€;€;§2.1.2.bis
2020;EDF SA;France;France;Rémunération mensuelle moyenne brute;Average gross monthly salary;Statutaire;Statutory;;;E;E;Homme;Male;4995.0;€;€;§2.1.2.bis
2020;EDF SA;France;France;Rémunération mensuelle moyenne brute;Average gross monthly salary;Statutaire;Statutory;;;G;G;Femme;Female;3345.0;€;€;§2.1.2.bis
2020;EDF SA;France;France;Rémunération mensuelle moyenne brute;Average gross monthly salary;Statutaire;Statutory;;;H;H;Femme;Female;2840.0;€;€;§2.1.2.bis
2020;EDF SA;France;France;Promotions dans un collège supérieur;Promotions to a Higher Employee Category;Statutaire;Statutory;Exécution vers Maîtrise;Operative to Supervisor;;;Homme;Male;302.0;nombre;number;§1.5.1
2020;EDF SA;France;France;Promotions dans un collège supérieur;Promotions to a Higher Employee Category;Statutaire;Statutory;Exécution vers Maîtrise;Operative to Supervisor;;;Femme;Female;99.0;nombre;number;§1.5.1
2020;EDF SA;France;France;Masse salariale annuelle;Annual Payroll;Non statutaire CDI;Permanent non-statutory;Execution;Operatives;;;Femme;Female;0.0;M€;M€;§2.1.1
2020;EDF SA;France;France;Masse salariale annuelle;Annual Payroll;Non statutaire CDD;Fixed-term non-statutory;Maitrise;Supervisors;;;Femme;Female;14.0;M€;M€;§2.1.1
2020;EDF SA;France;France;Masse salariale annuelle;Annual Payroll;Non statutaire CDD;Fixed-term non-statutory;Execution;Operatives;;;Homme;Male;12.0;M€;M€;§2.1.1
2020;EDF SA;France;France;Masse salariale annuelle;Annual Payroll;Non statutaire CDD;Fixed-term non-statutory;Execution;Operatives;;;Femme;Female;9.0;M€;M€;§2.1.1
2020;EDF SA;France;France;Rémunération mensuelle moyenne brute;Average gross monthly salary;Statutaire;Statutory;Execution;Operatives;;;Homme;Male;3259.0;€;€;§2.1.2
2020;EDF SA;France;France;Rémunération mensuelle moyenne brute;Average gross monthly salary;Non statutaire CDI;Permanent non-statutory;Cadre;Managers;;;Homme;Male;11036.0;€;€;§2.1.2
2020;EDF SA;France;France;Rémunération mensuelle moyenne brute;Average gross monthly salary;Non statutaire CDD;Fixed-term non-statutory;Cadre;Managers;;;Homme;Male;3274.0;€;€;§2.1.2
2020;EDF SA;France;France;Rémunération mensuelle moyenne brute;Average gross monthly salary;Non statutaire CDD;Fixed-term non-statutory;Execution;Operatives;;;Femme;Female;1168.0;€;€;§2.1.2
2020;EDF SA;France;France;Rémunération mensuelle moyenne brute;Average gross monthly salary;Statutaire;Statutory;;;D;D;Homme;Male;5455.0;€;€;§2.1.2.bis
2020;EDF SA;France;France;Rémunération mensuelle moyenne brute;Average gross monthly salary;Statutaire;Statutory;;;G;G;Homme;Male;3914.0;€;€;§2.1.2.bis
2020;EDF SA;France;France;Rémunération mensuelle moyenne brute;Average gross monthly salary;Statutaire;Statutory;;;H;H;Homme;Male;3352.0;€;€;§2.1.2.bis
2020;EDF SA;France;France;Rémunération mensuelle moyenne brute;Average gross monthly salary;Statutaire;Statutory;;;I;I;Femme;Female;3017.0;€;€;§2.1.2.bis
2020;EDF SA;France;France;Rémunération mensuelle moyenne brute;Average gross monthly salary;Non statutaire CDD;Fixed-term non-statutory;;;sans plage;No classification;Femme;Female;1386.0;€;€;§2.1.2.bis
2020;EDF SA;France;France;Promotions dans un collège supérieur;Promotions to a Higher Employee Category;Statutaire;Statutory;Maîtrise vers Cadre;Supervisor to Manager;;;Homme;Male;361.0;nombre;number;§1.5.1
2020;EDF SA;France;France;Promotions dans un collège supérieur;Promotions to a Higher Employee Category;Non statutaire CDI;Permanent non-staturory;Maîtrise vers Cadre;Supervisor to Manager;;;Homme;Male;0.0;nombre;number;§1.5.1
2020;EDF SA;France;France;Masse salariale annuelle;Annual Payroll;Statutaire;Statutory;Execution;Operatives;;;Homme;Male;89.0;M€;M€;§2.1.1
2020;EDF SA;France;France;Masse salariale annuelle;Annual Payroll;Non statutaire CDI;Permanent non-statutory;Execution;Operatives;;;Homme;Male;0.0;M€;M€;§2.1.1
2020;EDF SA;France;France;Masse salariale annuelle;Annual Payroll;Non statutaire CDD;Fixed-term non-statutory;Cadre;Managers;;;Homme;Male;5.0;M€;M€;§2.1.1
2020;EDF SA;France;France;Rémunération mensuelle moyenne brute;Average gross monthly salary;Non statutaire CDI;Permanent non-statutory;Maitrise;Supervisors;;;Femme;Female;3388.0;€;€;§2.1.2
2020;EDF SA;France;France;Rémunération mensuelle moyenne brute;Average gross monthly salary;Non statutaire CDI;Permanent non-statutory;Execution;Operatives;;;Homme;Male;3357.0;€;€;§2.1.2
2020;EDF SA;France;France;Rémunération mensuelle moyenne brute;Average gross monthly salary;Non statutaire CDD;Fixed-term non-statutory;Maitrise;Supervisors;;;Femme;Female;1384.0;€;€;§2.1.2
2020;EDF SA;France;France;Rémunération mensuelle moyenne brute;Average gross monthly salary;Non statutaire CDD;Fixed-term non-statutory;Execution;Operatives;;;Homme;Male;1110.0;€;€;§2.1.2
2020;EDF SA;France;France;Rémunération mensuelle moyenne brute;Average gross monthly salary;Statutaire;Statutory;;;C;C;Homme;Male;6209.0;€;€;§2.1.2.bis
2020;EDF SA;France;France;Rémunération mensuelle moyenne brute;Average gross monthly salary;Statutaire;Statutory;;;I;I;Homme;Male;0.0;€;€;§2.1.2.bis
2020;EDF SA;France;France;Rémunération mensuelle moyenne brute;Average gross monthly salary;Statutaire;Statutory;;;sans plage;No classification;Homme;Male;7687.0;€;€;§2.1.2.bis
2020;EDF SA;France;France;Rémunération mensuelle moyenne brute;Average gross monthly salary;Statutaire;Statutory;;;sans plage;No classification;Femme;Female;6295.0;€;€;§2.1.2.bis
2020;EDF SA;France;France;Rémunération mensuelle moyenne brute;Average gross monthly salary;Non statutaire CDI;Permanent non-statutory;;;sans plage;No classification;Femme;Female;8569.0;€;€;§2.1.2.bis
2020;EDF SA;France;France;Rémunération mensuelle moyenne brute;Average gross monthly salary;Non statutaire CDD;Fixed-term non-statutory;;;sans plage;No classification;Homme;Male;1359.0;€;€;§2.1.2.bis
2020;EDF SA;France;France;Masse salariale annuelle;Annual Payroll;Statutaire;Statutory;Maitrise;Supervisors;;;Homme;Male;1017.0;M€;M€;§2.1.1
2020;EDF SA;France;France;Masse salariale annuelle;Annual Payroll;Statutaire;Statutory;Execution;Operatives;;;Femme;Female;39.0;M€;M€;§2.1.1
2020;EDF SA;France;France;Masse salariale annuelle;Annual Payroll;Non statutaire CDI;Permanent non-statutory;Maitrise;Supervisors;;;Homme;Male;0.0;M€;M€;§2.1.1
2020;EDF SA;France;France;Masse salariale annuelle;Annual Payroll;Non statutaire CDD;Fixed-term non-statutory;Cadre;Managers;;;Femme;Female;3.0;M€;M€;§2.1.1
2020;EDF SA;France;France;Rémunération mensuelle moyenne brute;Average gross monthly salary;Statutaire;Statutory;Cadre;Managers;;;Femme;Female;6280.0;€;€;§2.1.2
2020;EDF SA;France;France;Rémunération mensuelle moyenne brute;Average gross monthly salary;Statutaire;Statutory;Maitrise;Supervisors;;;Femme;Female;3684.0;€;€;§2.1.2
2020;EDF SA;France;France;Rémunération mensuelle moyenne brute;Average gross monthly salary;Non statutaire CDI;Permanent non-statutory;Cadre;Managers;;;Femme;Female;8932.0;€;€;§2.1.2
2020;EDF SA;France;France;Rémunération mensuelle moyenne brute;Average gross monthly salary;Statutaire;Statutory;;;A;A;Femme;Female;9035.0;€;€;§2.1.2.bis
2019;EDF SA;France;France;Promotions dans un collège supérieur;Promotions to a Higher Employee Category;Non statutaire CDI;Permanent non-staturory;Maîtrise vers Cadre;Supervisor to Manager;;;Homme;Male;0.0;nombre;number;§1.5.1
2019;EDF SA;France;France;Masse salariale annuelle;Annual Payroll;Statutaire;Statutory;Execution;Operatives;;;Homme;Male;97.0;M€;M€;§2.1.1
2019;EDF SA;France;France;Masse salariale annuelle;Annual Payroll;Statutaire;Statutory;Execution;Operatives;;;Femme;Female;44.0;M€;M€;§2.1.1
2019;EDF SA;France;France;Masse salariale annuelle;Annual Payroll;Non statutaire CDI;Permanent non-statutory;Execution;Operatives;;;Femme;Female;0.0;M€;M€;§2.1.1
2019;EDF SA;France;France;Masse salariale annuelle;Annual Payroll;Non statutaire CDD;Fixed-term non-statutory;Cadre;Managers;;;Homme;Male;4.0;M€;M€;§2.1.1
2019;EDF SA;France;France;Rémunération mensuelle moyenne brute;Average gross monthly salary;Statutaire;Statutory;Cadre;Managers;;;Homme;Male;6994.0;€;€;§2.1.2
2019;EDF SA;France;France;Rémunération mensuelle moyenne brute;Average gross monthly salary;Non statutaire CDD;Fixed-term non-statutory;Maitrise;Supervisors;;;Homme;Male;1355.0;€;€;§2.1.2
2019;EDF SA;France;France;Rémunération mensuelle moyenne brute;Average gross monthly salary;Statutaire;Statutory;;;C;C;Femme;Female;5549.0;€;€;§2.1.2.bis
2019;EDF SA;France;France;Rémunération mensuelle moyenne brute;Average gross monthly salary;Statutaire;Statutory;;;G;G;Homme;Male;3915.0;€;€;§2.1.2.bis
2019;EDF SA;France;France;Rémunération mensuelle moyenne brute;Average gross monthly salary;Statutaire;Statutory;;;I;I;Femme;Female;2795.0;€;€;§2.1.2.bis
2019;EDF SA;France;France;Rémunération mensuelle moyenne brute;Average gross monthly salary;Statutaire;Statutory;;;sans plage;No classification;Femme;Female;6177.0;€;€;§2.1.2.bis
2019;EDF SA;France;France;Promotions dans un collège supérieur;Promotions to a Higher Employee Category;Statutaire;Statutory;Maîtrise vers Cadre;Supervisor to Manager;;;Homme;Male;446.0;nombre;number;§1.5.1
2019;EDF SA;France;France;Promotions dans un collège supérieur;Promotions to a Higher Employee Category;Statutaire;Statutory;Exécution vers Maîtrise;Operative to Supervisor;;;Homme;Male;339.0;nombre;number;§1.5.1
2019;EDF SA;France;France;Promotions dans un collège supérieur;Promotions to a Higher Employee Category;Non statutaire CDI;Permanent non-staturory;Exécution vers Maîtrise;Operative to Supervisor;;;Femme;Female;0.0;nombre;number;§1.5.1
2019;EDF SA;France;France;Masse salariale annuelle;Annual Payroll;Non statutaire CDI;Permanent non-statutory;Maitrise;Supervisors;;;Femme;Female;1.0;M€;M€;§2.1.1
2019;EDF SA;France;France;Masse salariale annuelle;Annual Payroll;Non statutaire CDD;Fixed-term non-statutory;Cadre;Managers;;;Femme;Female;3.0;M€;M€;§2.1.1
2019;EDF SA;France;France;Masse salariale annuelle;Annual Payroll;Non statutaire CDD;Fixed-term non-statutory;Execution;Operatives;;;Homme;Male;13.0;M€;M€;§2.1.1
2019;EDF SA;France;France;Rémunération mensuelle moyenne brute;Average gross monthly salary;Statutaire;Statutory;Cadre;Managers;;;Femme;Female;6216.0;€;€;§2.1.2
2019;EDF SA;France;France;Rémunération mensuelle moyenne brute;Average gross monthly salary;Statutaire;Statutory;Maitrise;Supervisors;;;Femme;Female;3647.0;€;€;§2.1.2
2019;EDF SA;France;France;Rémunération mensuelle moyenne brute;Average gross monthly salary;Non statutaire CDI;Permanent non-statutory;Cadre;Managers;;;Femme;Female;9213.0;€;€;§2.1.2
2019;EDF SA;France;France;Rémunération mensuelle moyenne brute;Average gross monthly salary;Non statutaire CDD;Fixed-term non-statutory;Maitrise;Supervisors;;;Femme;Female;1400.0;€;€;§2.1.2
2019;EDF SA;France;France;Rémunération mensuelle moyenne brute;Average gross monthly salary;Non statutaire CDD;Fixed-term non-statutory;Execution;Operatives;;;Femme;Female;1196.0;€;€;§2.1.2
2019;EDF SA;France;France;Rémunération mensuelle moyenne brute;Average gross monthly salary;Statutaire;Statutory;;;D;D;Femme;Female;4679.0;€;€;§2.1.2.bis
2019;EDF SA;France;France;Rémunération mensuelle moyenne brute;Average gross monthly salary;Statutaire;Statutory;;;F;F;Homme;Male;4190.0;€;€;§2.1.2.bis
2019;EDF SA;France;France;Rémunération mensuelle moyenne brute;Average gross monthly salary;Statutaire;Statutory;;;H;H;Homme;Male;3362.0;€;€;§2.1.2.bis
2019;EDF SA;France;France;Rémunération mensuelle moyenne brute;Average gross monthly salary;Statutaire;Statutory;;;H;H;Femme;Female;2807.0;€;€;§2.1.2.bis
2019;EDF SA;France;France;Promotions dans un collège supérieur;Promotions to a Higher Employee Category;Statutaire;Statutory;Exécution vers Maîtrise;Operative to Supervisor;;;Femme;Female;132.0;nombre;number;§1.5.1
2019;EDF SA;France;France;Promotions dans un collège supérieur;Promotions to a Higher Employee Category;Non statutaire CDI;Permanent non-staturory;Exécution vers Maîtrise;Operative to Supervisor;;;Homme;Male;0.0;nombre;number;§1.5.1
2019;EDF SA;France;France;Masse salariale annuelle;Annual Payroll;Statutaire;Statutory;Cadre;Managers;;;Femme;Female;622.0;M€;M€;§2.1.1
2019;EDF SA;France;France;Masse salariale annuelle;Annual Payroll;Statutaire;Statutory;Maitrise;Supervisors;;;Homme;Male;1026.0;M€;M€;§2.1.1
2019;EDF SA;France;France;Masse salariale annuelle;Annual Payroll;Statutaire;Statutory;Maitrise;Supervisors;;;Femme;Female;331.0;M€;M€;§2.1.1
2019;EDF SA;France;France;Masse salariale annuelle;Annual Payroll;Non statutaire CDI;Permanent non-statutory;Execution;Operatives;;;Homme;Male;0.0;M€;M€;§2.1.1
2019;EDF SA;France;France;Masse salariale annuelle;Annual Payroll;Non statutaire CDD;Fixed-term non-statutory;Maitrise;Supervisors;;;Homme;Male;17.0;M€;M€;§2.1.1
2019;EDF SA;France;France;Masse salariale annuelle;Annual Payroll;Non statutaire CDD;Fixed-term non-statutory;Execution;Operatives;;;Femme;Female;10.0;M€;M€;§2.1.1
2019;EDF SA;France;France;Rémunération mensuelle moyenne brute;Average gross monthly salary;Non statutaire CDD;Fixed-term non-statutory;Execution;Operatives;;;Homme;Male;1134.0;€;€;§2.1.2
2019;EDF SA;France;France;Rémunération mensuelle moyenne brute;Average gross monthly salary;Statutaire;Statutory;;;B;B;Femme;Female;7178.0;€;€;§2.1.2.bis
2019;EDF SA;France;France;Rémunération mensuelle moyenne brute;Average gross monthly salary;Statutaire;Statutory;;;C;C;Homme;Male;6145.0;€;€;§2.1.2.bis
2019;EDF SA;France;France;Rémunération mensuelle moyenne brute;Average gross monthly salary;Statutaire;Statutory;;;E;E;Femme;Female;4341.0;€;€;§2.1.2.bis
2019;EDF SA;France;France;Rémunération mensuelle moyenne brute;Average gross monthly salary;Statutaire;Statutory;;;sans plage;No classification;Homme;Male;7802.0;€;€;§2.1.2.bis
2019;EDF SA;France;France;Rémunération mensuelle moyenne brute;Average gross monthly salary;Non statutaire CDD;Fixed-term non-statutory;;;sans plage;No classification;Homme;Male;1354.0;€;€;§2.1.2.bis
2019;EDF SA;France;France;Promotions dans un collège supérieur;Promotions to a Higher Employee Category;Statutaire;Statutory;Maîtrise vers Cadre;Supervisor to Manager;;;Femme;Female;178.0;nombre;number;§1.5.1
2019;EDF SA;France;France;Promotions dans un collège supérieur;Promotions to a Higher Employee Category;Non statutaire CDI;Permanent non-staturory;Maîtrise vers Cadre;Supervisor to Manager;;;Femme;Female;0.0;nombre;number;§1.5.1
2019;EDF SA;France;France;Masse salariale annuelle;Annual Payroll;Statutaire;Statutory;Cadre;Managers;;;Homme;Male;1676.0;M€;M€;§2.1.1
2019;EDF SA;France;France;Masse salariale annuelle;Annual Payroll;Non statutaire CDI;Permanent non-statutory;Cadre;Managers;;;Homme;Male;41.0;M€;M€;§2.1.1
2019;EDF SA;France;France;Masse salariale annuelle;Annual Payroll;Non statutaire CDI;Permanent non-statutory;Cadre;Managers;;;Femme;Female;26.0;M€;M€;§2.1.1
2019;EDF SA;France;France;Rémunération mensuelle moyenne brute;Average gross monthly salary;Statutaire;Statutory;Maitrise;Supervisors;;;Homme;Male;4222.0;€;€;§2.1.2
2019;EDF SA;France;France;Rémunération mensuelle moyenne brute;Average gross monthly salary;Non statutaire CDI;Permanent non-statutory;Cadre;Managers;;;Homme;Male;11682.0;€;€;§2.1.2
2019;EDF SA;France;France;Rémunération mensuelle moyenne brute;Average gross monthly salary;Non statutaire CDI;Permanent non-statutory;Maitrise;Supervisors;;;Homme;Male;3354.0;€;€;§2.1.2
2019;EDF SA;France;France;Rémunération mensuelle moyenne brute;Average gross monthly salary;Non statutaire CDI;Permanent non-statutory;Execution;Operatives;;;Femme;Female;2259.0;€;€;§2.1.2
2019;EDF SA;France;France;Rémunération mensuelle moyenne brute;Average gross monthly salary;Non statutaire CDD;Fixed-term non-statutory;Cadre;Managers;;;Homme;Male;3261.0;€;€;§2.1.2
2019;EDF SA;France;France;Rémunération mensuelle moyenne brute;Average gross monthly salary;Statutaire;Statutory;;;A;A;Femme;Female;9050.0;€;€;§2.1.2.bis
2019;EDF SA;France;France;Rémunération mensuelle moyenne brute;Average gross monthly salary;Statutaire;Statutory;;;B;B;Homme;Male;7798.0;€;€;§2.1.2.bis
2019;EDF SA;France;France;Rémunération mensuelle moyenne brute;Average gross monthly salary;Statutaire;Statutory;;;D;D;Homme;Male;5339.0;€;€;§2.1.2.bis
2019;EDF SA;France;France;Rémunération mensuelle moyenne brute;Average gross monthly salary;Statutaire;Statutory;;;E;E;Homme;Male;5036.0;€;€;§2.1.2.bis
2019;EDF SA;France;France;Rémunération mensuelle moyenne brute;Average gross monthly salary;Statutaire;Statutory;;;I;I;Homme;Male;0.0;€;€;§2.1.2.bis
2019;EDF SA;France;France;Rémunération mensuelle moyenne brute;Average gross monthly salary;Non statutaire CDI;Permanent non-statutory;;;sans plage;No classification;Femme;Female;8806.0;€;€;§2.1.2.bis
2019;EDF SA;France;France;Rémunération mensuelle moyenne brute;Average gross monthly salary;Non statutaire CDD;Fixed-term non-statutory;;;sans plage;No classification;Femme;Female;1386.0;€;€;§2.1.2.bis
2019;EDF SA;France;France;Masse salariale annuelle;Annual Payroll;Non statutaire CDI;Permanent non-statutory;Maitrise;Supervisors;;;Homme;Male;0.0;M€;M€;§2.1.1
2019;EDF SA;France;France;Masse salariale annuelle;Annual Payroll;Non statutaire CDD;Fixed-term non-statutory;Maitrise;Supervisors;;;Femme;Female;13.0;M€;M€;§2.1.1
2019;EDF SA;France;France;Rémunération mensuelle moyenne brute;Average gross monthly salary;Statutaire;Statutory;Execution;Operatives;;;Homme;Male;3262.0;€;€;§2.1.2
2019;EDF SA;France;France;Rémunération mensuelle moyenne brute;Average gross monthly salary;Statutaire;Statutory;Execution;Operatives;;;Femme;Female;2765.0;€;€;§2.1.2
2019;EDF SA;France;France;Rémunération mensuelle moyenne brute;Average gross monthly salary;Non statutaire CDI;Permanent non-statutory;Maitrise;Supervisors;;;Femme;Female;3608.0;€;€;§2.1.2
2019;EDF SA;France;France;Rémunération mensuelle moyenne brute;Average gross monthly salary;Non statutaire CDI;Permanent non-statutory;Execution;Operatives;;;Homme;Male;686.0;€;€;§2.1.2
2019;EDF SA;France;France;Rémunération mensuelle moyenne brute;Average gross monthly salary;Non statutaire CDD;Fixed-term non-statutory;Cadre;Managers;;;Femme;Female;3322.0;€;€;§2.1.2
2019;EDF SA;France;France;Rémunération mensuelle moyenne brute;Average gross monthly salary;Statutaire;Statutory;;;A;A;Homme;Male;9833.0;€;€;§2.1.2.bis
2019;EDF SA;France;France;Rémunération mensuelle moyenne brute;Average gross monthly salary;Statutaire;Statutory;;;F;F;Femme;Female;3811.0;€;€;§2.1.2.bis
2019;EDF SA;France;France;Rémunération mensuelle moyenne brute;Average gross monthly salary;Statutaire;Statutory;;;G;G;Femme;Female;3311.0;€;€;§2.1.2.bis
2019;EDF SA;France;France;Rémunération mensuelle moyenne brute;Average gross monthly salary;Non statutaire CDI;Permanent non-statutory;;;sans plage;No classification;Homme;Male;11534.0;€;€;§2.1.2.bis
2018;EDF SA;France;France;Promotions dans un collège supérieur;Promotions to a Higher Employee Category;Statutaire;Statutory;Exécution vers Maîtrise;Operative to Supervisor;;;Homme;Male;251.0;nombre;number;§1.5.1
2018;EDF SA;France;France;Masse salariale annuelle;Annual Payroll;Statutaire;Statutory;Execution;Operatives;;;Femme;Female;49.0;M€;M€;§2.1.1
2018;EDF SA;France;France;Masse salariale annuelle;Annual Payroll;Non statutaire CDD;Fixed-term non-statutory;Cadre;Managers;;;Homme;Male;4.0;M€;M€;§2.1.1
2018;EDF SA;France;France;Rémunération mensuelle moyenne brute;Average gross monthly salary;Non statutaire CDI;Permanent non-statutory;Maitrise;Supervisors;;;Homme;Male;3804.0;€;€;§2.1.2
2018;EDF SA;France;France;Rémunération mensuelle moyenne brute;Average gross monthly salary;Statutaire;Statutory;;;B;B;Femme;Female;7141.0;€;€;§2.1.2.bis
2018;EDF SA;France;France;Rémunération mensuelle moyenne brute;Average gross monthly salary;Statutaire;Statutory;;;D;D;Homme;Male;5262.0;€;€;§2.1.2.bis
2018;EDF SA;France;France;Rémunération mensuelle moyenne brute;Average gross monthly salary;Statutaire;Statutory;;;G;G;Homme;Male;3830.0;€;€;§2.1.2.bis
2018;EDF SA;France;France;Rémunération mensuelle moyenne brute;Average gross monthly salary;Statutaire;Statutory;;;G;G;Femme;Female;3236.0;€;€;§2.1.2.bis
2018;EDF SA;France;France;Rémunération mensuelle moyenne brute;Average gross monthly salary;Non statutaire CDI;Permanent non-statutory;;;sans plage;No classification;Femme;Female;8976.0;€;€;§2.1.2.bis
2018;EDF SA;France;France;Rémunération mensuelle moyenne brute;Average gross monthly salary;Non statutaire CDD;Fixed-term non-statutory;;;sans plage;No classification;Homme;Male;1302.0;€;€;§2.1.2.bis
2018;EDF SA;France;France;Promotions dans un collège supérieur;Promotions to a Higher Employee Category;Statutaire;Statutory;Exécution vers Maîtrise;Operative to Supervisor;;;Femme;Female;103.0;nombre;number;§1.5.1
2018;EDF SA;France;France;Promotions dans un collège supérieur;Promotions to a Higher Employee Category;Non statutaire CDI;Permanent non-staturory;Maîtrise vers Cadre;Supervisor to Manager;;;Femme;Female;0.0;nombre;number;§1.5.1
2018;EDF SA;France;France;Masse salariale annuelle;Annual Payroll;Statutaire;Statutory;Cadre;Managers;;;Femme;Female;617.0;M€;M€;§2.1.1
2018;EDF SA;France;France;Masse salariale annuelle;Annual Payroll;Statutaire;Statutory;Maitrise;Supervisors;;;Homme;Male;1028.0;M€;M€;§2.1.1
2018;EDF SA;France;France;Masse salariale annuelle;Annual Payroll;Non statutaire CDI;Permanent non-statutory;Maitrise;Supervisors;;;Homme;Male;0.0;M€;M€;§2.1.1
2018;EDF SA;France;France;Masse salariale annuelle;Annual Payroll;Non statutaire CDI;Permanent non-statutory;Maitrise;Supervisors;;;Femme;Female;1.0;M€;M€;§2.1.1
2018;EDF SA;France;France;Masse salariale annuelle;Annual Payroll;Non statutaire CDI;Permanent non-statutory;Execution;Operatives;;;Homme;Male;0.0;M€;M€;§2.1.1
2018;EDF SA;France;France;Masse salariale annuelle;Annual Payroll;Non statutaire CDD;Fixed-term non-statutory;Maitrise;Supervisors;;;Homme;Male;16.0;M€;M€;§2.1.1
2018;EDF SA;France;France;Rémunération mensuelle moyenne brute;Average gross monthly salary;Non statutaire CDI;Permanent non-statutory;Cadre;Managers;;;Homme;Male;12605.0;€;€;§2.1.2
2018;EDF SA;France;France;Rémunération mensuelle moyenne brute;Average gross monthly salary;Non statutaire CDI;Permanent non-statutory;Cadre;Managers;;;Femme;Female;9599.0;€;€;§2.1.2
2018;EDF SA;France;France;Rémunération mensuelle moyenne brute;Average gross monthly salary;Non statutaire CDI;Permanent non-statutory;Execution;Operatives;;;Femme;Female;1649.0;€;€;§2.1.2
2018;EDF SA;France;France;Rémunération mensuelle moyenne brute;Average gross monthly salary;Non statutaire CDD;Fixed-term non-statutory;Cadre;Managers;;;Homme;Male;3207.0;€;€;§2.1.2
2018;EDF SA;France;France;Rémunération mensuelle moyenne brute;Average gross monthly salary;Non statutaire CDD;Fixed-term non-statutory;Maitrise;Supervisors;;;Homme;Male;1322.0;€;€;§2.1.2
2018;EDF SA;France;France;Rémunération mensuelle moyenne brute;Average gross monthly salary;Non statutaire CDD;Fixed-term non-statutory;Execution;Operatives;;;Homme;Male;1101.0;€;€;§2.1.2
2018;EDF SA;France;France;Rémunération mensuelle moyenne brute;Average gross monthly salary;Non statutaire CDD;Fixed-term non-statutory;Execution;Operatives;;;Femme;Female;1194.0;€;€;§2.1.2
2018;EDF SA;France;France;Rémunération mensuelle moyenne brute;Average gross monthly salary;Statutaire;Statutory;;;E;E;Femme;Female;4378.0;€;€;§2.1.2.bis
2018;EDF SA;France;France;Rémunération mensuelle moyenne brute;Average gross monthly salary;Statutaire;Statutory;;;F;F;Homme;Male;4135.0;€;€;§2.1.2.bis
2018;EDF SA;France;France;Rémunération mensuelle moyenne brute;Average gross monthly salary;Statutaire;Statutory;;;I;I;Femme;Female;3239.0;€;€;§2.1.2.bis
2018;EDF SA;France;France;Promotions dans un collège supérieur;Promotions to a Higher Employee Category;Statutaire;Statutory;Maîtrise vers Cadre;Supervisor to Manager;;;Homme;Male;441.0;nombre;number;§1.5.1
2018;EDF SA;France;France;Promotions dans un collège supérieur;Promotions to a Higher Employee Category;Non statutaire CDI;Permanent non-staturory;Maîtrise vers Cadre;Supervisor to Manager;;;Homme;Male;0.0;nombre;number;§1.5.1
2018;EDF SA;France;France;Promotions dans un collège supérieur;Promotions to a Higher Employee Category;Non statutaire CDI;Permanent non-staturory;Exécution vers Maîtrise;Operative to Supervisor;;;Femme;Female;0.0;nombre;number;§1.5.1
2018;EDF SA;France;France;Masse salariale annuelle;Annual Payroll;Statutaire;Statutory;Maitrise;Supervisors;;;Femme;Female;340.0;M€;M€;§2.1.1
2018;EDF SA;France;France;Masse salariale annuelle;Annual Payroll;Statutaire;Statutory;Execution;Operatives;;;Homme;Male;102.0;M€;M€;§2.1.1
2018;EDF SA;France;France;Masse salariale annuelle;Annual Payroll;Non statutaire CDI;Permanent non-statutory;Cadre;Managers;;;Homme;Male;38.0;M€;M€;§2.1.1
2018;EDF SA;France;France;Masse salariale annuelle;Annual Payroll;Non statutaire CDI;Permanent non-statutory;Cadre;Managers;;;Femme;Female;23.0;M€;M€;§2.1.1
2018;EDF SA;France;France;Masse salariale annuelle;Annual Payroll;Non statutaire CDI;Permanent non-statutory;Execution;Operatives;;;Femme;Female;0.0;M€;M€;§2.1.1
2018;EDF SA;France;France;Masse salariale annuelle;Annual Payroll;Non statutaire CDD;Fixed-term non-statutory;Maitrise;Supervisors;;;Femme;Female;13.0;M€;M€;§2.1.1
2018;EDF SA;France;France;Masse salariale annuelle;Annual Payroll;Non statutaire CDD;Fixed-term non-statutory;Execution;Operatives;;;Homme;Male;14.0;M€;M€;§2.1.1
2018;EDF SA;France;France;Rémunération mensuelle moyenne brute;Average gross monthly salary;Statutaire;Statutory;Execution;Operatives;;;Homme;Male;3160.0;€;€;§2.1.2
2018;EDF SA;France;France;Rémunération mensuelle moyenne brute;Average gross monthly salary;Non statutaire CDD;Fixed-term non-statutory;Maitrise;Supervisors;;;Femme;Female;1384.0;€;€;§2.1.2
2018;EDF SA;France;France;Rémunération mensuelle moyenne brute;Average gross monthly salary;Statutaire;Statutory;;;B;B;Homme;Male;7866.0;€;€;§2.1.2.bis
2018;EDF SA;France;France;Rémunération mensuelle moyenne brute;Average gross monthly salary;Statutaire;Statutory;;;C;C;Femme;Female;5559.0;€;€;§2.1.2.bis
2018;EDF SA;France;France;Rémunération mensuelle moyenne brute;Average gross monthly salary;Statutaire;Statutory;;;D;D;Femme;Female;4632.0;€;€;§2.1.2.bis
2018;EDF SA;France;France;Rémunération mensuelle moyenne brute;Average gross monthly salary;Statutaire;Statutory;;;F;F;Femme;Female;3778.0;€;€;§2.1.2.bis
2018;EDF SA;France;France;Rémunération mensuelle moyenne brute;Average gross monthly salary;Statutaire;Statutory;;;H;H;Femme;Female;2718.0;€;€;§2.1.2.bis
2018;EDF SA;France;France;Masse salariale annuelle;Annual Payroll;Non statutaire CDD;Fixed-term non-statutory;Execution;Operatives;;;Femme;Female;11.0;M€;M€;§2.1.1
2018;EDF SA;France;France;Rémunération mensuelle moyenne brute;Average gross monthly salary;Statutaire;Statutory;Cadre;Managers;;;Femme;Female;6180.0;€;€;§2.1.2
2018;EDF SA;France;France;Rémunération mensuelle moyenne brute;Average gross monthly salary;Statutaire;Statutory;Execution;Operatives;;;Femme;Female;2681.0;€;€;§2.1.2
2018;EDF SA;France;France;Rémunération mensuelle moyenne brute;Average gross monthly salary;Non statutaire CDD;Fixed-term non-statutory;Cadre;Managers;;;Femme;Female;3248.0;€;€;§2.1.2
2018;EDF SA;France;France;Rémunération mensuelle moyenne brute;Average gross monthly salary;Statutaire;Statutory;;;A;A;Homme;Male;9892.0;€;€;§2.1.2.bis
2018;EDF SA;France;France;Rémunération mensuelle moyenne brute;Average gross monthly salary;Statutaire;Statutory;;;C;C;Homme;Male;6174.0;€;€;§2.1.2.bis
2018;EDF SA;France;France;Rémunération mensuelle moyenne brute;Average gross monthly salary;Statutaire;Statutory;;;E;E;Homme;Male;5092.0;€;€;§2.1.2.bis
2018;EDF SA;France;France;Rémunération mensuelle moyenne brute;Average gross monthly salary;Statutaire;Statutory;;;sans plage;No classification;Homme;Male;7790.0;€;€;§2.1.2.bis
2018;EDF SA;France;France;Rémunération mensuelle moyenne brute;Average gross monthly salary;Statutaire;Statutory;;;sans plage;No classification;Femme;Female;6050.0;€;€;§2.1.2.bis
2018;EDF SA;France;France;Rémunération mensuelle moyenne brute;Average gross monthly salary;Non statutaire CDD;Fixed-term non-statutory;;;sans plage;No classification;Femme;Female;1356.0;€;€;§2.1.2.bis
2018;EDF SA;France;France;Promotions dans un collège supérieur;Promotions to a Higher Employee Category;Statutaire;Statutory;Maîtrise vers Cadre;Supervisor to Manager;;;Femme;Female;165.0;nombre;number;§1.5.1
2018;EDF SA;France;France;Promotions dans un collège supérieur;Promotions to a Higher Employee Category;Non statutaire CDI;Permanent non-staturory;Exécution vers Maîtrise;Operative to Supervisor;;;Homme;Male;0.0;nombre;number;§1.5.1
2018;EDF SA;France;France;Masse salariale annuelle;Annual Payroll;Statutaire;Statutory;Cadre;Managers;;;Homme;Male;1703.0;M€;M€;§2.1.1
2018;EDF SA;France;France;Masse salariale annuelle;Annual Payroll;Non statutaire CDD;Fixed-term non-statutory;Cadre;Managers;;;Femme;Female;2.0;M€;M€;§2.1.1
2018;EDF SA;France;France;Rémunération mensuelle moyenne brute;Average gross monthly salary;Statutaire;Statutory;Cadre;Managers;;;Homme;Male;7010.0;€;€;§2.1.2
2018;EDF SA;France;France;Rémunération mensuelle moyenne brute;Average gross monthly salary;Statutaire;Statutory;Maitrise;Supervisors;;;Homme;Male;4151.0;€;€;§2.1.2
2018;EDF SA;France;France;Rémunération mensuelle moyenne brute;Average gross monthly salary;Statutaire;Statutory;Maitrise;Supervisors;;;Femme;Female;3581.0;€;€;§2.1.2
2018;EDF SA;France;France;Rémunération mensuelle moyenne brute;Average gross monthly salary;Non statutaire CDI;Permanent non-statutory;Maitrise;Supervisors;;;Femme;Female;3493.0;€;€;§2.1.2
2018;EDF SA;France;France;Rémunération mensuelle moyenne brute;Average gross monthly salary;Non statutaire CDI;Permanent non-statutory;Execution;Operatives;;;Homme;Male;566.0;€;€;§2.1.2
2018;EDF SA;France;France;Rémunération mensuelle moyenne brute;Average gross monthly salary;Statutaire;Statutory;;;A;A;Femme;Female;9070.0;€;€;§2.1.2.bis
2018;EDF SA;France;France;Rémunération mensuelle moyenne brute;Average gross monthly salary;Statutaire;Statutory;;;H;H;Homme;Male;3274.0;€;€;§2.1.2.bis
2018;EDF SA;France;France;Rémunération mensuelle moyenne brute;Average gross monthly salary;Statutaire;Statutory;;;I;I;Homme;Male;0.0;€;€;§2.1.2.bis
2018;EDF SA;France;France;Rémunération mensuelle moyenne brute;Average gross monthly salary;Non statutaire CDI;Permanent non-statutory;;;sans plage;No classification;Homme;Male;12431.0;€;€;§2.1.2.bis
2017;EDF SA;France;France;Masse salariale annuelle;Annual Payroll;Statutaire;Statutory;Execution;Operatives;;;Femme;Female;51.0;M€;M€;§2.1.1
2017;EDF SA;France;France;Masse salariale annuelle;Annual Payroll;Non statutaire CDI;Permanent non-statutory;Cadre;Managers;;;Femme;Female;22.0;M€;M€;§2.1.1
2017;EDF SA;France;France;Masse salariale annuelle;Annual Payroll;Non statutaire CDI;Permanent non-statutory;Maitrise;Supervisors;;;Homme;Male;0.0;M€;M€;§2.1.1
2017;EDF SA;France;France;Masse salariale annuelle;Annual Payroll;Non statutaire CDD;Fixed-term non-statutory;Maitrise;Supervisors;;;Homme;Male;15.0;M€;M€;§2.1.1
2017;EDF SA;France;France;Rémunération mensuelle moyenne brute;Average gross monthly salary;Statutaire;Statutory;Cadre;Managers;;;Femme;Female;6002.0;€;€;§2.1.2
2017;EDF SA;France;France;Rémunération mensuelle moyenne brute;Average gross monthly salary;Non statutaire CDI;Permanent non-statutory;Execution;Operatives;;;Homme;Male;626.0;€;€;§2.1.2
2017;EDF SA;France;France;Rémunération mensuelle moyenne brute;Average gross monthly salary;Non statutaire CDD;Fixed-term non-statutory;Cadre;Managers;;;Femme;Female;3257.0;€;€;§2.1.2
2017;EDF SA;France;France;Rémunération mensuelle moyenne brute;Average gross monthly salary;Statutaire;Statutory;;;B;B;Homme;Male;7740.0;€;€;§2.1.2.bis
2017;EDF SA;France;France;Rémunération mensuelle moyenne brute;Average gross monthly salary;Statutaire;Statutory;;;B;B;Femme;Female;7047.0;€;€;§2.1.2.bis
2017;EDF SA;France;France;Rémunération mensuelle moyenne brute;Average gross monthly salary;Statutaire;Statutory;;;D;D;Femme;Female;4485.0;€;€;§2.1.2.bis
2017;EDF SA;France;France;Rémunération mensuelle moyenne brute;Average gross monthly salary;Statutaire;Statutory;;;E;E;Femme;Female;4347.0;€;€;§2.1.2.bis
2017;EDF SA;France;France;Rémunération mensuelle moyenne brute;Average gross monthly salary;Statutaire;Statutory;;;H;H;Homme;Male;3103.0;€;€;§2.1.2.bis
2017;EDF SA;France;France;Rémunération mensuelle moyenne brute;Average gross monthly salary;Non statutaire CDD;Fixed-term non-statutory;;;sans plage;No classification;Homme;Male;1319.0;€;€;§2.1.2.bis
2017;EDF SA;France;France;Promotions dans un collège supérieur;Promotions to a Higher Employee Category;Statutaire;Statutory;Exécution vers Maîtrise;Operative to Supervisor;;;Homme;Male;269.0;nombre;number;§1.5.1
2017;EDF SA;France;France;Promotions dans un collège supérieur;Promotions to a Higher Employee Category;Statutaire;Statutory;Exécution vers Maîtrise;Operative to Supervisor;;;Femme;Female;118.0;nombre;number;§1.5.1
2017;EDF SA;France;France;Masse salariale annuelle;Annual Payroll;Statutaire;Statutory;Cadre;Managers;;;Homme;Male;1735.0;M€;M€;§2.1.1
2017;EDF SA;France;France;Masse salariale annuelle;Annual Payroll;Statutaire;Statutory;Maitrise;Supervisors;;;Femme;Female;344.0;M€;M€;§2.1.1
2017;EDF SA;France;France;Masse salariale annuelle;Annual Payroll;Non statutaire CDD;Fixed-term non-statutory;Cadre;Managers;;;Femme;Female;2.0;M€;M€;§2.1.1
2017;EDF SA;France;France;Masse salariale annuelle;Annual Payroll;Non statutaire CDD;Fixed-term non-statutory;Maitrise;Supervisors;;;Femme;Female;12.0;M€;M€;§2.1.1
2017;EDF SA;France;France;Masse salariale annuelle;Annual Payroll;Non statutaire CDD;Fixed-term non-statutory;Execution;Operatives;;;Homme;Male;14.0;M€;M€;§2.1.1
2017;EDF SA;France;France;Masse salariale annuelle;Annual Payroll;Non statutaire CDD;Fixed-term non-statutory;Execution;Operatives;;;Femme;Female;12.0;M€;M€;§2.1.1
2017;EDF SA;France;France;Rémunération mensuelle moyenne brute;Average gross monthly salary;Statutaire;Statutory;Cadre;Managers;;;Homme;Male;6931.0;€;€;§2.1.2
2017;EDF SA;France;France;Rémunération mensuelle moyenne brute;Average gross monthly salary;Statutaire;Statutory;Maitrise;Supervisors;;;Homme;Male;3965.0;€;€;§2.1.2
2017;EDF SA;France;France;Rémunération mensuelle moyenne brute;Average gross monthly salary;Non statutaire CDI;Permanent non-statutory;Maitrise;Supervisors;;;Homme;Male;3763.0;€;€;§2.1.2
2017;EDF SA;France;France;Rémunération mensuelle moyenne brute;Average gross monthly salary;Non statutaire CDI;Permanent non-statutory;Maitrise;Supervisors;;;Femme;Female;3331.0;€;€;§2.1.2
2017;EDF SA;France;France;Rémunération mensuelle moyenne brute;Average gross monthly salary;Non statutaire CDD;Fixed-term non-statutory;Execution;Operatives;;;Femme;Female;1209.0;€;€;§2.1.2
2017;EDF SA;France;France;Rémunération mensuelle moyenne brute;Average gross monthly salary;Statutaire;Statutory;;;C;C;Homme;Male;6020.0;€;€;§2.1.2.bis
2017;EDF SA;France;France;Rémunération mensuelle moyenne brute;Average gross monthly salary;Statutaire;Statutory;;;D;D;Homme;Male;5100.0;€;€;§2.1.2.bis
2017;EDF SA;France;France;Rémunération mensuelle moyenne brute;Average gross monthly salary;Statutaire;Statutory;;;F;F;Femme;Female;3707.0;€;€;§2.1.2.bis
2017;EDF SA;France;France;Rémunération mensuelle moyenne brute;Average gross monthly salary;Statutaire;Statutory;;;G;G;Femme;Female;3124.0;€;€;§2.1.2.bis
2017;EDF SA;France;France;Promotions dans un collège supérieur;Promotions to a Higher Employee Category;Statutaire;Statutory;Maîtrise vers Cadre;Supervisor to Manager;;;Femme;Female;152.0;nombre;number;§1.5.1
2017;EDF SA;France;France;Promotions dans un collège supérieur;Promotions to a Higher Employee Category;Non statutaire CDI;Permanent non-staturory;Maîtrise vers Cadre;Supervisor to Manager;;;Homme;Male;1.0;nombre;number;§1.5.1
2017;EDF SA;France;France;Masse salariale annuelle;Annual Payroll;Statutaire;Statutory;Cadre;Managers;;;Femme;Female;598.0;M€;M€;§2.1.1
2017;EDF SA;France;France;Rémunération mensuelle moyenne brute;Average gross monthly salary;Statutaire;Statutory;Maitrise;Supervisors;;;Femme;Female;3478.0;€;€;§2.1.2
2017;EDF SA;France;France;Rémunération mensuelle moyenne brute;Average gross monthly salary;Non statutaire CDI;Permanent non-statutory;Cadre;Managers;;;Homme;Male;12496.0;€;€;§2.1.2
2017;EDF SA;France;France;Rémunération mensuelle moyenne brute;Average gross monthly salary;Non statutaire CDI;Permanent non-statutory;Execution;Operatives;;;Femme;Female;1866.0;€;€;§2.1.2
2017;EDF SA;France;France;Rémunération mensuelle moyenne brute;Average gross monthly salary;Non statutaire CDD;Fixed-term non-statutory;Maitrise;Supervisors;;;Femme;Female;1368.0;€;€;§2.1.2
2017;EDF SA;France;France;Rémunération mensuelle moyenne brute;Average gross monthly salary;Non statutaire CDD;Fixed-term non-statutory;Execution;Operatives;;;Homme;Male;1110.0;€;€;§2.1.2
2017;EDF SA;France;France;Rémunération mensuelle moyenne brute;Average gross monthly salary;Statutaire;Statutory;;;A;A;Homme;Male;9911.0;€;€;§2.1.2.bis
2017;EDF SA;France;France;Rémunération mensuelle moyenne brute;Average gross monthly salary;Statutaire;Statutory;;;E;E;Homme;Male;4906.0;€;€;§2.1.2.bis
2017;EDF SA;France;France;Rémunération mensuelle moyenne brute;Average gross monthly salary;Statutaire;Statutory;;;I;I;Femme;Female;2535.0;€;€;§2.1.2.bis
2017;EDF SA;France;France;Rémunération mensuelle moyenne brute;Average gross monthly salary;Non statutaire CDI;Permanent non-statutory;;;sans plage;No classification;Femme;Female;8691.0;€;€;§2.1.2.bis
2017;EDF SA;France;France;Promotions dans un collège supérieur;Promotions to a Higher Employee Category;Statutaire;Statutory;Maîtrise vers Cadre;Supervisor to Manager;;;Homme;Male;445.0;nombre;number;§1.5.1
2017;EDF SA;France;France;Promotions dans un collège supérieur;Promotions to a Higher Employee Category;Non statutaire CDI;Permanent non-staturory;Exécution vers Maîtrise;Operative to Supervisor;;;Femme;Female;0.0;nombre;number;§1.5.1
2017;EDF SA;France;France;Masse salariale annuelle;Annual Payroll;Statutaire;Statutory;Execution;Operatives;;;Homme;Male;100.0;M€;M€;§2.1.1
2017;EDF SA;France;France;Masse salariale annuelle;Annual Payroll;Non statutaire CDI;Permanent non-statutory;Execution;Operatives;;;Homme;Male;0.0;M€;M€;§2.1.1
2017;EDF SA;France;France;Masse salariale annuelle;Annual Payroll;Non statutaire CDI;Permanent non-statutory;Execution;Operatives;;;Femme;Female;0.0;M€;M€;§2.1.1
2017;EDF SA;France;France;Rémunération mensuelle moyenne brute;Average gross monthly salary;Statutaire;Statutory;Execution;Operatives;;;Homme;Male;2986.0;€;€;§2.1.2
2017;EDF SA;France;France;Rémunération mensuelle moyenne brute;Average gross monthly salary;Non statutaire CDD;Fixed-term non-statutory;Cadre;Managers;;;Homme;Male;3550.0;€;€;§2.1.2
2017;EDF SA;France;France;Rémunération mensuelle moyenne brute;Average gross monthly salary;Statutaire;Statutory;;;A;A;Femme;Female;8814.0;€;€;§2.1.2.bis
2017;EDF SA;France;France;Rémunération mensuelle moyenne brute;Average gross monthly salary;Statutaire;Statutory;;;I;I;Homme;Male;0.0;€;€;§2.1.2.bis
2017;EDF SA;France;France;Rémunération mensuelle moyenne brute;Average gross monthly salary;Statutaire;Statutory;;;sans plage;No classification;Homme;Male;7957.0;€;€;§2.1.2.bis
2017;EDF SA;France;France;Rémunération mensuelle moyenne brute;Average gross monthly salary;Statutaire;Statutory;;;sans plage;No classification;Femme;Female;5913.0;€;€;§2.1.2.bis
2017;EDF SA;France;France;Rémunération mensuelle moyenne brute;Average gross monthly salary;Non statutaire CDI;Permanent non-statutory;;;sans plage;No classification;Homme;Male;12323.0;€;€;§2.1.2.bis
2017;EDF SA;France;France;Promotions dans un collège supérieur;Promotions to a Higher Employee Category;Non statutaire CDI;Permanent non-staturory;Maîtrise vers Cadre;Supervisor to Manager;;;Femme;Female;0.0;nombre;number;§1.5.1
2017;EDF SA;France;France;Promotions dans un collège supérieur;Promotions to a Higher Employee Category;Non statutaire CDI;Permanent non-staturory;Exécution vers Maîtrise;Operative to Supervisor;;;Homme;Male;0.0;nombre;number;§1.5.1
2017;EDF SA;France;France;Masse salariale annuelle;Annual Payroll;Statutaire;Statutory;Maitrise;Supervisors;;;Homme;Male;1001.0;M€;M€;§2.1.1
2017;EDF SA;France;France;Masse salariale annuelle;Annual Payroll;Non statutaire CDI;Permanent non-statutory;Cadre;Managers;;;Homme;Male;38.0;M€;M€;§2.1.1
2017;EDF SA;France;France;Masse salariale annuelle;Annual Payroll;Non statutaire CDI;Permanent non-statutory;Maitrise;Supervisors;;;Femme;Female;1.0;M€;M€;§2.1.1
2017;EDF SA;France;France;Masse salariale annuelle;Annual Payroll;Non statutaire CDD;Fixed-term non-statutory;Cadre;Managers;;;Homme;Male;4.0;M€;M€;§2.1.1
2017;EDF SA;France;France;Rémunération mensuelle moyenne brute;Average gross monthly salary;Statutaire;Statutory;Execution;Operatives;;;Femme;Female;2548.0;€;€;§2.1.2
2017;EDF SA;France;France;Rémunération mensuelle moyenne brute;Average gross monthly salary;Non statutaire CDI;Permanent non-statutory;Cadre;Managers;;;Femme;Female;9313.0;€;€;§2.1.2
2017;EDF SA;France;France;Rémunération mensuelle moyenne brute;Average gross monthly salary;Non statutaire CDD;Fixed-term non-statutory;Maitrise;Supervisors;;;Homme;Male;1305.0;€;€;§2.1.2
2017;EDF SA;France;France;Rémunération mensuelle moyenne brute;Average gross monthly salary;Statutaire;Statutory;;;C;C;Femme;Female;5391.0;€;€;§2.1.2.bis
2017;EDF SA;France;France;Rémunération mensuelle moyenne brute;Average gross monthly salary;Statutaire;Statutory;;;F;F;Homme;Male;3961.0;€;€;§2.1.2.bis
2017;EDF SA;France;France;Rémunération mensuelle moyenne brute;Average gross monthly salary;Statutaire;Statutory;;;G;G;Homme;Male;3626.0;€;€;§2.1.2.bis
2017;EDF SA;France;France;Rémunération mensuelle moyenne brute;Average gross monthly salary;Statutaire;Statutory;;;H;H;Femme;Female;2591.0;€;€;§2.1.2.bis
2017;EDF SA;France;France;Rémunération mensuelle moyenne brute;Average gross monthly salary;Non statutaire CDD;Fixed-term non-statutory;;;sans plage;No classification;Femme;Female;1353.0;€;€;§2.1.2.bis